Analys.batch,std.batch,#,ID,Chem.ID,redo.flag,PG.wts,Scin.DW,Scort.DW,Tdin.DW,Tcin.DW,IS Area,Scn.Conc.,Scort.Conc.,Tdin.Conc.,Tcin.Conc.
1,1,27,HS Batch 1,1,,25,0.25537392,4.34469204,0.1701054,3.60132948,496657,0.019524,0.332163,0.013005,0.275331
1,1,28,HS Batch 1,2,,26,0.4170759231,2.13858,0.1958478462,1.4260721538,508055,0.033162,0.17004,0.015572,0.113388
1,1,29,HS Batch 1,3,,27,0.4781345556,1.4875351111,0.1643356667,1.3506432222,491689,0.039479,0.122824,0.013569,0.111521
1,1,30,HS Batch 1,4,,28,0.1552198929,1.9068421071,0.0613592143,1.2785116071,500085,0.013291,0.163277,0.005254,0.109475
1,1,31,HS Batch 1,5,,29,0.132186931,1.1241583448,0.0475615862,0.8455881724,512210,0.011723,0.099696,0.004218,0.074991
1,1,32,HS Batch 1,6,,30,0.0693022,3.3630097,0.0380846,3.3978134,528294,0.006358,0.308533,0.003494,0.311726
1,1,33,HS Batch 1,7,,31,0.3291202258,1.4736624194,0.2080985806,1.3722502258,539633,0.031201,0.139705,0.019728,0.130091
1,1,34,HS Batch 1,8,,32,1.8748647188,1.2025425,1.0613398125,2.4290990625,555744,0.183473,0.11768,0.103862,0.23771
1,1,35,HS Batch 1,9,,33,0.6383634545,2.1874813636,0.416925,2.3563421818,532276,0.064422,0.220755,0.042075,0.237796
1,1,36,HS Batch 1,10,,,#DIV/0!,#DIV/0!,#DIV/0!,#DIV/0!,537337,0.005471,0.290877,0.003252,0.195284
1,1,37,HS Batch 1,11,,,#DIV/0!,#DIV/0!,#DIV/0!,#DIV/0!,535064,0.049304,0.110735,0.0303,0.082444
1,1,38,HS Batch 1,12,,,#DIV/0!,#DIV/0!,#DIV/0!,#DIV/0!,533043,0.080224,0.11951,0.042387,0.154865
1,1,41,HS Batch 1,13,,,#DIV/0!,#DIV/0!,#DIV/0!,#DIV/0!,559990,0.258413,0.111936,0.10789,0.291954
1,1,42,HS Batch 1,14,,,#DIV/0!,#DIV/0!,#DIV/0!,#DIV/0!,572739,0.106312,0.069863,0.078051,0.099884
1,1,43,HS Batch 1,15,,,#DIV/0!,#DIV/0!,#DIV/0!,#DIV/0!,559418,0.007621,0.060897,0.003167,0.048808
1,1,44,HS Batch 1,16,,,#DIV/0!,#DIV/0!,#DIV/0!,#DIV/0!,572982,0.004911,0.108541,0.001536,0.084779
1,1,45,HS Batch 1,17,,,#DIV/0!,#DIV/0!,#DIV/0!,#DIV/0!,561237,0.019701,0.270948,0.004153,0.242181
1,1,46,HS Batch 1,18,,,#DIV/0!,#DIV/0!,#DIV/0!,#DIV/0!,587852,0.092778,0.052678,0.108429,0.096436
1,1,47,HS Batch 1,19,,,#DIV/0!,#DIV/0!,#DIV/0!,#DIV/0!,567983,0.073887,0.043038,0.049635,0.060853
1,1,48,HS Batch 1,20,,,#DIV/0!,#DIV/0!,#DIV/0!,#DIV/0!,601132,0.105504,0.080335,0.055991,0.124119
1,1,49,HS Batch 1,21,,,#DIV/0!,#DIV/0!,#DIV/0!,#DIV/0!,625251,0.042539,0.028037,0.032971,0.043218
1,1,50,HS Batch 1,22,,,#DIV/0!,#DIV/0!,#DIV/0!,#DIV/0!,581051,0.079561,0.199799,0.053552,0.250009
1,1,51,HS Batch 1,23,,,#DIV/0!,#DIV/0!,#DIV/0!,#DIV/0!,607742,0.06302,0.090102,0.032119,0.105394
1,1,52,HS Batch 1,24,,,#DIV/0!,#DIV/0!,#DIV/0!,#DIV/0!,598305,0.043725,0.071101,0.02107,0.077236
1,1,53,HS Batch 1,25,,,#DIV/0!,#DIV/0!,#DIV/0!,#DIV/0!,611470,0.078429,0.019531,0.077942,0.043055
1,1,56,HS Batch 1,26,,,#DIV/0!,#DIV/0!,#DIV/0!,#DIV/0!,606813,0.091912,0.08519,0.072101,0.121411
1,1,57,HS Batch 1,27,,,#DIV/0!,#DIV/0!,#DIV/0!,#DIV/0!,599755,0.096382,0.151021,0.045714,0.270393
1,1,58,HS Batch 1,28,,,#DIV/0!,#DIV/0!,#DIV/0!,#DIV/0!,608364,0.042954,0.190451,0.020994,0.175103
1,1,59,HS Batch 1,29,,,#DIV/0!,#DIV/0!,#DIV/0!,#DIV/0!,602246,0.030034,0.093977,0.029331,0.088059
1,1,60,HS Batch 1,30,,,#DIV/0!,#DIV/0!,#DIV/0!,#DIV/0!,647534,0.031477,0.080109,0.01429,0.072899
1,1,61,HS Batch 1,31,,,#DIV/0!,#DIV/0!,#DIV/0!,#DIV/0!,665358,0.01185,0.174631,0.00758,0.178052
1,1,62,HS Batch 1,32,,,#DIV/0!,#DIV/0!,#DIV/0!,#DIV/0!,627067,0.00543,0.049975,0.004659,0.033114
1,1,63,HS Batch 1,33,,,#DIV/0!,#DIV/0!,#DIV/0!,#DIV/0!,643175,0.065995,0.031528,0.064636,0.031957
1,1,64,HS Batch 1,34,,,#DIV/0!,#DIV/0!,#DIV/0!,#DIV/0!,665299,0.082336,0.048496,0.067864,0.059975
1,1,65,HS Batch 1,35,,,#DIV/0!,#DIV/0!,#DIV/0!,#DIV/0!,643253,0.057399,0.129269,0.058447,0.146266
1,1,66,HS Batch 1,36,,,#DIV/0!,#DIV/0!,#DIV/0!,#DIV/0!,672742,0.041321,0.112411,0.025009,0.107305
1,1,67,HS Batch 1,37,,,#DIV/0!,#DIV/0!,#DIV/0!,#DIV/0!,653419,0.075,0.014738,0.088993,0.037024
1,1,68,HS Batch 1,38,,,#DIV/0!,#DIV/0!,#DIV/0!,#DIV/0!,666674,0.062576,0.04644,0.049014,0.068028
1,1,75,HS Batch 2,39,,,#DIV/0!,#DIV/0!,#DIV/0!,#DIV/0!,1018752,0.058056,0.01766,0.048399,0.032687
1,1,76,HS Batch 2,40,,,#DIV/0!,#DIV/0!,#DIV/0!,#DIV/0!,1018034,0.020518,0.220806,0.008264,0.218834
1,1,77,HS Batch 2,41,,,#DIV/0!,#DIV/0!,#DIV/0!,#DIV/0!,1034607,0.057323,0.251665,0.022417,0.254125
1,1,78,HS Batch 2,42,,,#DIV/0!,#DIV/0!,#DIV/0!,#DIV/0!,1045798,0.071892,0.057849,0.025462,0.052124
1,1,79,HS Batch 2,43,,,#DIV/0!,#DIV/0!,#DIV/0!,#DIV/0!,1052172,0.076205,0.146714,0.027141,0.181961
1,1,80,HS Batch 2,44,,,#DIV/0!,#DIV/0!,#DIV/0!,#DIV/0!,1080704,0.095228,0.04442,0.04954,0.093723
1,1,81,HS Batch 2,45,,,#DIV/0!,#DIV/0!,#DIV/0!,#DIV/0!,1088102,0.018823,0.138387,0.004785,0.074656
1,1,82,HS Batch 2,46,,,#DIV/0!,#DIV/0!,#DIV/0!,#DIV/0!,1094632,0.018968,0.184212,0.006668,0.147661
1,1,83,HS Batch 2,47,,,#DIV/0!,#DIV/0!,#DIV/0!,#DIV/0!,1073877,0.113721,0.079066,0.083763,0.067998
1,1,84,HS Batch 2,48,,,#DIV/0!,#DIV/0!,#DIV/0!,#DIV/0!,1065823,0.071373,0.080552,0.056301,0.095896
1,1,85,HS Batch 2,49,,,#DIV/0!,#DIV/0!,#DIV/0!,#DIV/0!,1055892,0.031044,0.180496,0.014575,0.14036
1,1,86,HS Batch 2,50,,,#DIV/0!,#DIV/0!,#DIV/0!,#DIV/0!,1080663,0.145833,0.032372,0.11256,0.077096
1,1,87,HS Batch 2,51,,,#DIV/0!,#DIV/0!,#DIV/0!,#DIV/0!,1063317,0.060281,0.148546,0.032308,0.127334
1,1,90,HS Batch 2,52,,,#DIV/0!,#DIV/0!,#DIV/0!,#DIV/0!,1069078,0.162746,0.21614,0.059001,0.24769
1,1,91,HS Batch 2,53,,,#DIV/0!,#DIV/0!,#DIV/0!,#DIV/0!,1076815,0.081368,0.044898,0.054249,0.070856
1,1,92,HS Batch 2,54,,,#DIV/0!,#DIV/0!,#DIV/0!,#DIV/0!,1080865,0.016234,0.124392,0.004112,0.079567
1,1,93,HS Batch 2,55,,,#DIV/0!,#DIV/0!,#DIV/0!,#DIV/0!,1086650,0.046757,0.125666,0.030628,0.106042
1,1,94,HS Batch 2,55,x,,#DIV/0!,#DIV/0!,#DIV/0!,#DIV/0!,1114154,0.024162,0.225952,0.010202,0.162428
1,1,95,HS Batch 2,56,,,#DIV/0!,#DIV/0!,#DIV/0!,#DIV/0!,1073498,0.106098,0.111895,0.061725,0.101399
1,1,96,HS Batch 2,57,,,#DIV/0!,#DIV/0!,#DIV/0!,#DIV/0!,1056016,0.092274,0.162127,0.054312,0.252487
1,1,97,HS Batch 2,58,,,#DIV/0!,#DIV/0!,#DIV/0!,#DIV/0!,1106717,0.027763,0.24278,0.01143,0.203932
1,1,98,HS Batch 2,59,,,#DIV/0!,#DIV/0!,#DIV/0!,#DIV/0!,1113696,0.013781,0.149243,0.005282,0.126064
1,1,99,HS Batch 2,60,,,#DIV/0!,#DIV/0!,#DIV/0!,#DIV/0!,1103728,0.039644,0.234051,0.015043,0.247613
1,1,100,HS Batch 2,61,,,#DIV/0!,#DIV/0!,#DIV/0!,#DIV/0!,1099634,0.021849,0.172457,0.007461,0.108825
1,1,101,HS Batch 2,62,,,#DIV/0!,#DIV/0!,#DIV/0!,#DIV/0!,1084499,0.019088,0.128534,0.011342,0.127195
1,1,102,HS Batch 2,63,,,#DIV/0!,#DIV/0!,#DIV/0!,#DIV/0!,1107034,0.095002,0.016912,0.080906,0.029404
1,1,105,HS Batch 2,64,,,#DIV/0!,#DIV/0!,#DIV/0!,#DIV/0!,1041736,0.025278,0.159959,0.007907,0.117115
1,1,106,HS Batch 2,65,,,#DIV/0!,#DIV/0!,#DIV/0!,#DIV/0!,1091202,0.04859,0.028064,0.033721,0.044599
1,1,107,HS Batch 2,66,,,#DIV/0!,#DIV/0!,#DIV/0!,#DIV/0!,1104621,0.056679,0.055832,0.035314,0.056145
1,1,108,HS Batch 2,67,,,#DIV/0!,#DIV/0!,#DIV/0!,#DIV/0!,1081211,0.017455,0.080908,0.007569,0.059382
1,1,109,HS Batch 2,68,,,#DIV/0!,#DIV/0!,#DIV/0!,#DIV/0!,1352947,0.030857,0.144317,0.01241,0.129834
1,1,110,HS Batch 2,69,,,#DIV/0!,#DIV/0!,#DIV/0!,#DIV/0!,1080613,0.04399,0.118433,0.020402,0.075296
1,1,111,HS Batch 2,70,,,#DIV/0!,#DIV/0!,#DIV/0!,#DIV/0!,1114070,0.028794,0.1554,0.01682,0.116906
1,1,112,HS Batch 2,71,,,#DIV/0!,#DIV/0!,#DIV/0!,#DIV/0!,1075168,0.037864,0.235714,0.012339,0.182696
1,1,113,HS Batch 2,72,,,#DIV/0!,#DIV/0!,#DIV/0!,#DIV/0!,1122534,0.040236,0.098545,0.022329,0.089686
1,1,114,HS Batch 2,73,,,#DIV/0!,#DIV/0!,#DIV/0!,#DIV/0!,1122649,0.0648,0.106338,0.030283,0.118757
1,1,115,HS Batch 2,74,,,#DIV/0!,#DIV/0!,#DIV/0!,#DIV/0!,1135050,0.091004,0.090725,0.055422,0.102546
1,1,116,HS Batch 2,75,,,#DIV/0!,#DIV/0!,#DIV/0!,#DIV/0!,1144712,0.037156,0.13489,0.024197,0.103946
1,1,117,HS Batch 2,76,,,#DIV/0!,#DIV/0!,#DIV/0!,#DIV/0!,1166187,0.144444,0.102703,0.068985,0.133368
1,1,120,HS Batch 2,77,,,#VALUE!,#DIV/0!,#DIV/0!,#DIV/0!,1140274,Std. Conc,0.264727,0.006278,0.172492
1,1,121,HS Batch 2,78,,,#DIV/0!,#DIV/0!,#DIV/0!,#DIV/0!,1122475,0.249521,0.165126,0.066543,0.228774
1,1,122,HS Batch 2,79,,,#DIV/0!,#DIV/0!,#DIV/0!,#DIV/0!,1213033,0.020911,0.151682,0.004188,0.073171
1,1,123,HS Batch 2,80,,,#DIV/0!,#DIV/0!,#DIV/0!,#DIV/0!,1136549,0.03468,0.16438,0.014248,0.126851
1,1,124,HS Batch 2,81,,,#DIV/0!,#DIV/0!,#DIV/0!,#DIV/0!,1143406,0.045401,0.20272,0.01971,0.141009
1,1,125,HS Batch 2,82,,,#DIV/0!,#DIV/0!,#DIV/0!,#DIV/0!,1156034,0.233436,0.209181,0.139128,0.256731
1,1,126,HS Batch 2,83,,,#DIV/0!,#DIV/0!,#DIV/0!,#DIV/0!,1120651,0.00456,0.038238,0.001359,0.023526
1,1,127,HS Batch 2,84,,,#DIV/0!,#DIV/0!,#DIV/0!,#DIV/0!,1136398,0.050009,0.295584,0.018292,0.233548
1,1,128,HS Batch 2,85,,,#DIV/0!,#DIV/0!,#DIV/0!,#DIV/0!,1138218,0.05113,0.19568,0.022446,0.176881
1,1,129,HS Batch 2,86,,,#DIV/0!,#DIV/0!,#DIV/0!,#DIV/0!,1192880,0.030698,0.131615,0.008501,0.088198
1,1,130,HS Batch 2,87,,,#DIV/0!,#DIV/0!,#DIV/0!,#DIV/0!,1147927,0.009633,0.055016,0.002566,0.030643
1,1,131,HS Batch 2,88,,,#DIV/0!,#DIV/0!,#DIV/0!,#DIV/0!,1214427,0.015645,0.11781,0.003499,0.066418
1,1,132,HS Batch 2,89,,,#DIV/0!,#DIV/0!,#DIV/0!,#DIV/0!,1215491,0.031792,0.204859,0.006953,0.133322
1,1,135,HS Batch 2,90,,,#DIV/0!,#DIV/0!,#DIV/0!,#DIV/0!,1183956,0.023124,0.108975,0.008552,0.0922
1,1,136,HS Batch 2,91,,,#DIV/0!,#DIV/0!,#DIV/0!,#DIV/0!,1261040,0.014407,0.139368,0.003915,0.104104
1,1,137,HS Batch 2,92,,,#DIV/0!,#DIV/0!,#DIV/0!,#DIV/0!,1203607,0.094775,0.253268,0.024815,0.218137
1,1,138,HS Batch 2,93,,,#DIV/0!,#DIV/0!,#DIV/0!,#DIV/0!,1162344,0.06933,0.106846,0.036097,0.108
1,1,139,HS Batch 2,94,,,#DIV/0!,#DIV/0!,#DIV/0!,#DIV/0!,1179306,0.15729,0.220551,0.057759,0.230496
1,1,140,HS Batch 2,95,,,#DIV/0!,#DIV/0!,#DIV/0!,#DIV/0!,1199503,0.0957,0.110143,0.036253,0.130911
1,1,141,HS Batch 2,96,,,#DIV/0!,#DIV/0!,#DIV/0!,#DIV/0!,1248287,0.02437,0.194239,0.007218,0.138869
1,1,142,HS Batch 2,97,,,#DIV/0!,#DIV/0!,#DIV/0!,#DIV/0!,1234257,0.028805,0.070068,0.012551,0.054504
1,1,143,HS Batch 2,98,,,#DIV/0!,#DIV/0!,#DIV/0!,#DIV/0!,1276065,0.21334,0.153963,0.094046,0.233968
1,1,144,HS Batch 2,100,,,#DIV/0!,#DIV/0!,#DIV/0!,#DIV/0!,1331833,0.028214,0.197238,0.009038,0.160763
1,1,145,HS Batch 2,101,,,#DIV/0!,#DIV/0!,#DIV/0!,#DIV/0!,1291148,0.014032,0.146616,0.005146,0.129832
1,1,146,HS Batch 2,102,,,#DIV/0!,#DIV/0!,#DIV/0!,#DIV/0!,1321919,0.020154,0.124203,0.012352,0.120884
1,1,147,HS Batch 2,103,,,#DIV/0!,#DIV/0!,#DIV/0!,#DIV/0!,1686380,0.074099,0.0669,0.034898,0.055393
1,1,150,HS Batch 2,104,,,#DIV/0!,#DIV/0!,#DIV/0!,#DIV/0!,1368223,0.086204,0.105004,0.029113,0.092692
1,1,151,HS Batch 2,105,,,#DIV/0!,#DIV/0!,#DIV/0!,#DIV/0!,1391245,0.019832,0.146938,0.007034,0.132915
1,1,152,HS Batch 2,106,,,#DIV/0!,#DIV/0!,#DIV/0!,#DIV/0!,1330681,0.057825,0.149786,0.02832,0.08456
1,1,153,HS Batch 2,107,,,#DIV/0!,#DIV/0!,#DIV/0!,#DIV/0!,1326521,0.058869,0.248708,0.020336,0.221628
1,1,154,HS Batch 2,108,,,#DIV/0!,#DIV/0!,#DIV/0!,#DIV/0!,1367206,0.033578,0.241693,0.012333,0.221875
1,1,155,HS Batch 2,109,,,#DIV/0!,#DIV/0!,#DIV/0!,#DIV/0!,1551629,0.105351,0.14922,0.068096,0.127503
1,1,156,HS Batch 2,110,,,#DIV/0!,#DIV/0!,#DIV/0!,#DIV/0!,1475550,0.031075,0.168818,0.010749,0.101361
1,1,157,HS Batch 2,111,,,#DIV/0!,#DIV/0!,#DIV/0!,#DIV/0!,1400883,0.007424,0.10944,0.003308,0.078015
1,1,158,HS Batch 2,112,,,#DIV/0!,#DIV/0!,#DIV/0!,#DIV/0!,1402865,0.014744,0.154286,0.003618,0.084745
1,1,159,HS Batch 2,113,,,#DIV/0!,#DIV/0!,#DIV/0!,#DIV/0!,1454825,0.008564,0.091967,0.002196,0.04462
1,1,160,HS Batch 2,114,,,#DIV/0!,#DIV/0!,#DIV/0!,#DIV/0!,1427272,0.031224,0.217391,0.009597,0.18499
1,1,161,HS Batch 2,115,,,#DIV/0!,#DIV/0!,#DIV/0!,#DIV/0!,1473991,0.029062,0.128456,0.016502,0.100812
1,1,162,HS Batch 2,116,,,#DIV/0!,#DIV/0!,#DIV/0!,#DIV/0!,1568691,0.14634,0.222968,0.047109,0.211452
1,1,169,HS Batch 3,117,,,#DIV/0!,#DIV/0!,#DIV/0!,#DIV/0!,1095010,0.01834,0.237853,0.010607,0.193165
1,1,170,HS Batch 3,118,,,#DIV/0!,#DIV/0!,#DIV/0!,#DIV/0!,1080082,0.005954,0.261286,0.004812,0.173272
1,1,171,HS Batch 3,119,,,#DIV/0!,#DIV/0!,#DIV/0!,#DIV/0!,1102429,0.012915,0.212317,0.0052,0.112647
1,1,172,HS Batch 3,120,,,#DIV/0!,#DIV/0!,#DIV/0!,#DIV/0!,1134006,0.02552,0.114515,0.010256,0.090586
1,1,173,HS Batch 3,121,,,#DIV/0!,#DIV/0!,#DIV/0!,#DIV/0!,1134442,0.046101,0.244051,0.02032,0.17529
1,1,174,HS Batch 3,122,,,#DIV/0!,#DIV/0!,#DIV/0!,#DIV/0!,1115232,0.069626,0.155123,0.050071,0.162992
1,1,175,HS Batch 3,123,,,#DIV/0!,#DIV/0!,#DIV/0!,#DIV/0!,1108997,0.003057,0.06128,0.0016,0.035396
1,1,176,HS Batch 3,124,,,#DIV/0!,#DIV/0!,#DIV/0!,#DIV/0!,1082018,0.009684,0.106051,0.003059,0.062672
1,1,177,HS Batch 3,125,,,#DIV/0!,#DIV/0!,#DIV/0!,#DIV/0!,1083988,0.030087,0.238555,0.007736,0.177875
1,1,178,HS Batch 3,126,,,#DIV/0!,#DIV/0!,#DIV/0!,#DIV/0!,1089680,0.025051,0.126367,0.028868,0.127852
1,1,179,HS Batch 3,127,,,#DIV/0!,#DIV/0!,#DIV/0!,#DIV/0!,1125790,0.069351,0.054315,0.019763,0.054056
1,1,180,HS Batch 3,128,,,#DIV/0!,#DIV/0!,#DIV/0!,#DIV/0!,1097605,0.013971,0.173999,0.005115,0.114857
1,1,181,HS Batch 3,129,,,#DIV/0!,#DIV/0!,#DIV/0!,#DIV/0!,1135614,0.032598,0.061435,0.017993,0.059343
1,1,184,HS Batch 3,130,,,#DIV/0!,#DIV/0!,#DIV/0!,#DIV/0!,1116329,0.032629,0.253164,0.017866,0.235396
1,1,185,HS Batch 3,131,,,#DIV/0!,#DIV/0!,#DIV/0!,#DIV/0!,1150465,0.031747,0.118191,0.019838,0.101147
1,1,186,HS Batch 3,132,,,#DIV/0!,#DIV/0!,#DIV/0!,#DIV/0!,1113429,0.005464,0.09608,0.002167,0.047572
1,1,187,HS Batch 3,133,,,#DIV/0!,#DIV/0!,#DIV/0!,#DIV/0!,1184008,0.03364,0.036717,0.016687,0.031811
1,1,188,HS Batch 3,134,,,#DIV/0!,#DIV/0!,#DIV/0!,#DIV/0!,1159475,0.042138,0.141597,0.022289,0.129829
1,1,189,HS Batch 3,135,,,#DIV/0!,#DIV/0!,#DIV/0!,#DIV/0!,1214710,0.045922,0.132102,0.027855,0.169809
1,1,190,HS Batch 3,136,,,#DIV/0!,#DIV/0!,#DIV/0!,#DIV/0!,1135738,0.016996,0.32602,0.006032,0.248399
1,1,191,HS Batch 3,137,,,#DIV/0!,#DIV/0!,#DIV/0!,#DIV/0!,1177018,0.069934,0.157298,0.056598,0.127867
1,1,192,HS Batch 3,138,,,#DIV/0!,#DIV/0!,#DIV/0!,#DIV/0!,1153441,0.006323,0.107707,0.002516,0.068694
1,1,193,HS Batch 3,139,,,#DIV/0!,#DIV/0!,#DIV/0!,#DIV/0!,1183021,0.005704,0.235511,0.005209,0.211875
1,1,194,HS Batch 3,140,,,#DIV/0!,#DIV/0!,#DIV/0!,#DIV/0!,1191180,0.005903,0.030209,0.002466,0.022514
1,1,197,HS Batch 3,141,,,#DIV/0!,#DIV/0!,#DIV/0!,#DIV/0!,1147414,0.139183,0.048124,0.08428,0.069239
1,1,198,HS Batch 3,142,,,#DIV/0!,#DIV/0!,#DIV/0!,#DIV/0!,1174815,0.107891,0.034256,0.056553,0.037374
1,1,199,HS Batch 3,143,,,#DIV/0!,#DIV/0!,#DIV/0!,#DIV/0!,1189400,0.062494,0.199775,0.030921,0.173483
1,1,200,HS Batch 3,144,,,#DIV/0!,#DIV/0!,#DIV/0!,#DIV/0!,1134176,0.032588,0.105376,0.015055,0.086837
1,1,201,HS Batch 3,145,,,#DIV/0!,#DIV/0!,#DIV/0!,#DIV/0!,1200661,0.148153,0.041205,0.133375,0.0995
1,1,202,HS Batch 3,146,,,#DIV/0!,#DIV/0!,#DIV/0!,#DIV/0!,1233408,0.019571,0.132103,0.009165,0.120385
1,1,203,HS Batch 3,147,,,#DIV/0!,#DIV/0!,#DIV/0!,#DIV/0!,1212460,0.071035,0.064315,0.035826,0.089891
1,1,204,HS Batch 3,148,,,#DIV/0!,#DIV/0!,#DIV/0!,#DIV/0!,1220929,0.017425,0.31582,0.007753,0.329337
1,1,205,HS Batch 3,149,,,#DIV/0!,#DIV/0!,#DIV/0!,#DIV/0!,1141673,0.049189,0.310331,0.016643,0.243122
1,1,206,HS Batch 3,150,,,#DIV/0!,#DIV/0!,#DIV/0!,#DIV/0!,1181404,0.01268,0.138971,0.004597,0.082479
1,1,207,HS Batch 3,151,,,#DIV/0!,#DIV/0!,#DIV/0!,#DIV/0!,1241080,0.100908,0.205796,0.046466,0.227772
1,1,208,HS Batch 3,152,,,#DIV/0!,#DIV/0!,#DIV/0!,#DIV/0!,1203751,0.033521,0.150259,0.015242,0.144583
1,1,209,HS Batch 3,153,,,#DIV/0!,#DIV/0!,#DIV/0!,#DIV/0!,1214655,0.008523,0.193853,0.002936,0.106298
1,1,210,HS Batch 3,154,,,#DIV/0!,#DIV/0!,#DIV/0!,#DIV/0!,1198321,0.002896,0.122256,0.00191,0.076125
1,1,217,HS Batch 4,155,,,#DIV/0!,#DIV/0!,#DIV/0!,#DIV/0!,1224713,0.060559,0.061016,0.026141,0.083113
1,1,218,HS Batch 4,156,,,#DIV/0!,#DIV/0!,#DIV/0!,#DIV/0!,1131466,0.065561,0.106007,0.031221,0.120866
1,1,219,HS Batch 4,157,,,#DIV/0!,#DIV/0!,#DIV/0!,#DIV/0!,1117262,0.024799,0.195021,0.008299,0.142489
1,1,220,HS Batch 4,158,,,#DIV/0!,#DIV/0!,#DIV/0!,#DIV/0!,1095665,0.025915,0.184715,0.013897,0.152218
1,1,221,HS Batch 4,159,,,#DIV/0!,#DIV/0!,#DIV/0!,#DIV/0!,1127649,0.020668,0.154375,0.00424,0.098487
1,1,222,HS Batch 4,160,,,#DIV/0!,#DIV/0!,#DIV/0!,#DIV/0!,1141760,0.145019,0.187483,0.048685,0.217515
1,1,223,HS Batch 4,161,,,#DIV/0!,#DIV/0!,#DIV/0!,#DIV/0!,1106698,0.082797,0.101228,0.047555,0.124476
1,1,224,HS Batch 4,162,,,#DIV/0!,#DIV/0!,#DIV/0!,#DIV/0!,1166177,0.004595,0.150504,0.002328,0.093487
1,1,225,HS Batch 4,163,,,#DIV/0!,#DIV/0!,#DIV/0!,#DIV/0!,1149224,0.008607,0.155805,0.003876,0.097528
1,1,226,HS Batch 4,164,,,#DIV/0!,#DIV/0!,#DIV/0!,#DIV/0!,1107925,0.043363,0.135919,0.013472,0.090526
1,1,227,HS Batch 4,165,,,#DIV/0!,#DIV/0!,#DIV/0!,#DIV/0!,1204398,0.044746,0.189963,0.027549,0.228782
1,1,228,HS Batch 4,166,,,#DIV/0!,#DIV/0!,#DIV/0!,#DIV/0!,1114559,0.02103,0.299363,0.011999,0.232986
1,1,229,HS Batch 4,167,,,#DIV/0!,#DIV/0!,#DIV/0!,#DIV/0!,1141968,0.005416,0.166545,0.003943,0.143319
1,1,232,HS Batch 4,168,,,#DIV/0!,#DIV/0!,#DIV/0!,#DIV/0!,1113664,0.01529,0.355098,0.009888,0.322094
1,1,233,HS Batch 4,169,,,#DIV/0!,#DIV/0!,#DIV/0!,#DIV/0!,1256043,0.010375,0.225329,0.00444,0.132711
1,1,234,HS Batch 4,170,,,#DIV/0!,#DIV/0!,#DIV/0!,#DIV/0!,1110396,0.007729,0.115363,0.00643,0.101843
1,1,235,HS Batch 4,171,,,#DIV/0!,#DIV/0!,#DIV/0!,#DIV/0!,1104706,0.136012,0.010855,0.100485,0.013698
1,1,236,HS Batch 4,172,,,#DIV/0!,#DIV/0!,#DIV/0!,#DIV/0!,1116993,0.01017,0.231819,0.003634,0.143176
1,1,237,HS Batch 4,173,,,#DIV/0!,#DIV/0!,#DIV/0!,#DIV/0!,1076033,0.019953,0.079513,0.0124,0.066386
1,1,238,HS Batch 4,174,,,#DIV/0!,#DIV/0!,#DIV/0!,#DIV/0!,1160698,0.027972,0.081912,0.012638,0.061104
1,1,239,HS Batch 4,175,,,#DIV/0!,#DIV/0!,#DIV/0!,#DIV/0!,1101753,0.025776,0.19255,0.0077,0.164293
1,1,240,HS Batch 4,176,,,#DIV/0!,#DIV/0!,#DIV/0!,#DIV/0!,1104924,0.018072,0.169613,0.007725,0.138969
1,1,241,HS Batch 4,177,,,#DIV/0!,#DIV/0!,#DIV/0!,#DIV/0!,1111400,0.062606,0.203378,0.019666,0.142365
1,1,242,HS Batch 4,178,,,#DIV/0!,#DIV/0!,#DIV/0!,#DIV/0!,1143047,0.031157,0.209344,0.015325,0.154657
1,1,243,HS Batch 4,179,,,#DIV/0!,#DIV/0!,#DIV/0!,#DIV/0!,1111821,0.010805,0.344041,0.005381,0.239558
1,1,244,HS Batch 4,180,,,#DIV/0!,#DIV/0!,#DIV/0!,#DIV/0!,1131823,0.12472,0.070269,0.054218,0.100822
1,1,247,HS Batch 4,181,,,#DIV/0!,#DIV/0!,#DIV/0!,#DIV/0!,1289802,0.041883,0.178166,0.015011,0.150532
1,1,248,HS Batch 4,182,,,#DIV/0!,#DIV/0!,#DIV/0!,#DIV/0!,1128403,0.034762,0.158906,0.012319,0.122806
1,1,249,HS Batch 4,183,,,#DIV/0!,#DIV/0!,#DIV/0!,#DIV/0!,1116293,0.004787,0.148953,0.002452,0.093501
1,1,250,HS Batch 4,184,,,#DIV/0!,#DIV/0!,#DIV/0!,#DIV/0!,1123151,0.126591,0.07859,0.08182,0.10266
1,1,251,HS Batch 4,185,,,#DIV/0!,#DIV/0!,#DIV/0!,#DIV/0!,1134531,0.008929,0.340823,0.004992,0.225344
1,1,252,HS Batch 4,186,,,#DIV/0!,#DIV/0!,#DIV/0!,#DIV/0!,1124310,0.156303,0.196205,0.045375,0.208626
1,1,253,HS Batch 4,187,,,#DIV/0!,#DIV/0!,#DIV/0!,#DIV/0!,1176438,0.017765,0.15954,0.0051,0.071384
1,1,254,HS Batch 4,188,,,#DIV/0!,#DIV/0!,#DIV/0!,#DIV/0!,1146641,0.030812,0.172282,0.013997,0.141784
1,1,255,HS Batch 4,189,,,#DIV/0!,#DIV/0!,#DIV/0!,#DIV/0!,1172607,0.028358,0.227951,0.017163,0.19643
1,1,256,HS Batch 4,190,,,#DIV/0!,#DIV/0!,#DIV/0!,#DIV/0!,1157882,0.069048,0.265497,0.029859,0.232161
1,1,257,HS Batch 4,191,,,#DIV/0!,#DIV/0!,#DIV/0!,#DIV/0!,1177081,0.001787,0.034341,0.000861,0.017508
1,1,258,HS Batch 4,192,,,#DIV/0!,#DIV/0!,#DIV/0!,#DIV/0!,1231133,0.118644,0.417112,0.054468,0.35627
1,1,259,HS Batch 4,193,,,#DIV/0!,#DIV/0!,#DIV/0!,#DIV/0!,1163561,0.017175,0.310495,0.007962,0.253396
1,1,262,HS Batch 4,194,,,#DIV/0!,#DIV/0!,#DIV/0!,#DIV/0!,1154907,0.013206,0.173911,0.004455,0.125757
1,1,263,HS Batch 4,195,,,#DIV/0!,#DIV/0!,#DIV/0!,#DIV/0!,1168790,0.043548,0.062544,0.020314,0.052875
1,1,264,HS Batch 4,196,,,#DIV/0!,#DIV/0!,#DIV/0!,#DIV/0!,1154939,0.00306,0.086274,0.001849,0.053574
1,1,265,HS Batch 4,197,,,#DIV/0!,#DIV/0!,#DIV/0!,#DIV/0!,1191385,0.003935,0.106868,0.001225,0.048693
1,1,266,HS Batch 4,198,,,#DIV/0!,#DIV/0!,#DIV/0!,#DIV/0!,1199651,0.072155,0.138039,0.036291,0.162731
1,1,267,HS Batch 4,199,,,#DIV/0!,#DIV/0!,#DIV/0!,#DIV/0!,1180117,0.011785,0.177786,0.005179,0.13239
1,1,268,HS Batch 4,200,,,#DIV/0!,#DIV/0!,#DIV/0!,#DIV/0!,1153131,0.010726,0.212295,0.005217,0.172459
1,1,269,HS Batch 4,201,,,#DIV/0!,#DIV/0!,#DIV/0!,#DIV/0!,1153695,0.039269,0.147513,0.024782,0.138032
1,1,270,HS Batch 4,202,,,#DIV/0!,#DIV/0!,#DIV/0!,#DIV/0!,1104601,0.108079,0.391248,0.07046,0.332544
1,1,271,HS Batch 4,203,,,#DIV/0!,#DIV/0!,#DIV/0!,#DIV/0!,1130699,0.032636,0.082824,0.013722,0.077304
1,1,272,HS Batch 4,204,,,#DIV/0!,#DIV/0!,#DIV/0!,#DIV/0!,1088877,0.043887,0.190645,0.020971,0.159259
2,2,27,HS Batch 5-2,205,x,,#DIV/0!,#DIV/0!,#DIV/0!,#DIV/0!,1123437,0.011731,0.050557,0.004741,0.038754
1,1,273,HS Batch 4,206,,,#DIV/0!,#DIV/0!,#DIV/0!,#DIV/0!,1133807,0.300943,0.154932,0.14328,0.298994
1,1,276,HS Batch 4,208,,,#DIV/0!,#DIV/0!,#DIV/0!,#DIV/0!,1533124,0.015328,0.235266,0.007982,0.196611
1,1,277,HS Batch 4,209,,,#DIV/0!,#DIV/0!,#DIV/0!,#DIV/0!,1092866,0.005856,0.208613,0.004461,0.175304
1,1,278,HS Batch 4,210,,,#DIV/0!,#DIV/0!,#DIV/0!,#DIV/0!,1121432,0.013614,0.102295,0.013913,0.100269
1,1,279,HS Batch 4,211,,,#DIV/0!,#DIV/0!,#DIV/0!,#DIV/0!,1166616,0.041783,0.07825,0.023635,0.054769
1,1,280,HS Batch 4,212,,,#DIV/0!,#DIV/0!,#DIV/0!,#DIV/0!,1157161,0.08578,0.070534,0.036265,0.077767
1,1,281,Name,213,,,#DIV/0!,#DIV/0!,#DIV/0!,#DIV/0!,1160037,0.029222,0.252979,0.013417,0.208161
1,1,282,HS Batch 4,214,,,#DIV/0!,#DIV/0!,#DIV/0!,#DIV/0!,1209801,0.021767,0.165397,0.010302,0.087243
1,1,283,HS Batch 4,215,,,#DIV/0!,#DIV/0!,#DIV/0!,#DIV/0!,1193152,0.043705,0.221709,0.019931,0.196047
1,1,284,HS Batch 4,216,,,#DIV/0!,#DIV/0!,#DIV/0!,#DIV/0!,1162518,0.038619,0.239112,0.016608,0.238064
1,1,285,HS Batch 4,217,,,#DIV/0!,#DIV/0!,#DIV/0!,#DIV/0!,1155210,0.016244,0.350042,0.009236,0.284984
1,1,286,HS Batch 4,218,,,#DIV/0!,#DIV/0!,#DIV/0!,#DIV/0!,1179611,0.013868,0.236696,0.004962,0.129314
1,1,287,HS Batch 4,219,,,#DIV/0!,#DIV/0!,#DIV/0!,#DIV/0!,1151241,0.016828,0.25178,0.006701,0.22934
1,1,288,HS Batch 4,220,,,#DIV/0!,#DIV/0!,#DIV/0!,#DIV/0!,1124413,0.007799,0.21099,0.00326,0.177647
1,1,291,HS Batch 4,221,,,#DIV/0!,#DIV/0!,#DIV/0!,#DIV/0!,1177048,0.00447,0.124464,0.002068,0.06907
1,1,292,HS Batch 4,222,,,#DIV/0!,#DIV/0!,#DIV/0!,#DIV/0!,1190313,0.005821,0.261727,0.004914,0.250306
2,2,28,HS Batch 5-2,222,x,,#DIV/0!,#DIV/0!,#DIV/0!,#DIV/0!,1151073,0.00624,0.261806,0.003597,0.267917
1,1,293,HS Batch 4,223,,,#DIV/0!,#DIV/0!,#DIV/0!,#DIV/0!,1152904,0.006018,0.155469,0.003599,0.107277
1,1,294,HS Batch 4,224,,,#DIV/0!,#DIV/0!,#DIV/0!,#DIV/0!,1194531,0.051055,0.364585,0.02485,0.303346
1,1,295,HS Batch 4,225,,,#DIV/0!,#DIV/0!,#DIV/0!,#DIV/0!,1165530,0.011166,0.297429,0.008089,0.244131
1,1,296,HS Batch 4,226,,,#DIV/0!,#DIV/0!,#DIV/0!,#DIV/0!,1203525,0.026937,0.216172,0.025681,0.149369
1,1,297,HS Batch 4,227,,,#DIV/0!,#DIV/0!,#DIV/0!,#DIV/0!,1252973,0.013643,0.184114,0.004688,0.104604
1,1,298,HS Batch 4,228,,,#DIV/0!,#DIV/0!,#DIV/0!,#DIV/0!,1232892,0.028543,0.192369,0.012576,0.146044
1,1,299,HS Batch 4,229,,,#DIV/0!,#DIV/0!,#DIV/0!,#DIV/0!,1259522,0.138785,0.297601,0.063404,0.3213
1,1,300,HS Batch 4,230,,,#DIV/0!,#DIV/0!,#DIV/0!,#DIV/0!,1202820,0.016077,0.184475,0.005819,0.137245
1,1,301,HS Batch 4,231,,,#DIV/0!,#DIV/0!,#DIV/0!,#DIV/0!,1194006,0.005911,0.102521,0.002628,0.075246
1,1,302,HS Batch 4,232,,,#DIV/0!,#DIV/0!,#DIV/0!,#DIV/0!,1263052,0.00381,0.108487,0.002254,0.069307
1,1,303,HS Batch 4,233,,,#DIV/0!,#DIV/0!,#DIV/0!,#DIV/0!,1233307,0.008199,0.285787,0.004991,0.214101
2,2,29,HS Batch 5-2,234,,,#DIV/0!,#DIV/0!,#DIV/0!,#DIV/0!,1119429,0.04274,0.092652,0.036565,0.111347
2,2,30,HS Batch 5-2,235,,,#DIV/0!,#DIV/0!,#DIV/0!,#DIV/0!,1112813,0.057957,0.128051,0.026735,0.112011
2,2,31,HS Batch 5-2,236,,,#DIV/0!,#DIV/0!,#DIV/0!,#DIV/0!,1129279,0.150908,0.131283,0.107352,0.159753
2,2,32,HS Batch 5-2,237,,,#DIV/0!,#DIV/0!,#DIV/0!,#DIV/0!,1142018,0.06437,0.062874,0.044405,0.07982
2,2,33,HS Batch 5-2,238,,,#DIV/0!,#DIV/0!,#DIV/0!,#DIV/0!,1101656,0.026627,0.18754,0.019262,0.212801
2,2,34,HS Batch 5-2,239,,,#DIV/0!,#DIV/0!,#DIV/0!,#DIV/0!,1083803,0.013657,0.329615,0.005931,0.385573
2,2,35,HS Batch 5-2,240,,,#DIV/0!,#DIV/0!,#DIV/0!,#DIV/0!,1066063,0.043903,0.142233,0.022118,0.141537
2,2,36,HS Batch 5-2,241,,,#DIV/0!,#DIV/0!,#DIV/0!,#DIV/0!,1163888,0.105499,0.084919,0.06121,0.113242
2,2,37,HS Batch 5-2,242,,,#DIV/0!,#DIV/0!,#DIV/0!,#DIV/0!,1128783,0.050599,0.098591,0.035269,0.094529
2,2,38,HS Batch 5-2,243,,,#DIV/0!,#DIV/0!,#DIV/0!,#DIV/0!,1112298,0.015634,0.265662,0.008098,0.27977
2,2,39,HS Batch 5-2,244,,,#DIV/0!,#DIV/0!,#DIV/0!,#DIV/0!,1089257,0.007579,0.272163,0.004206,0.218968
2,2,42,HS Batch 5-2,245,,,#DIV/0!,#DIV/0!,#DIV/0!,#DIV/0!,1081857,0.00829,0.160844,0.004349,0.130715
2,2,43,HS Batch 5-2,246,,,#DIV/0!,#DIV/0!,#DIV/0!,#DIV/0!,1078410,0.004249,0.138379,0.002095,0.091077
2,2,44,HS Batch 5-2,247,,,#DIV/0!,#DIV/0!,#DIV/0!,#DIV/0!,1113015,0.04249,0.170971,0.014895,0.172399
2,2,45,HS Batch 5-2,248,,,#DIV/0!,#DIV/0!,#DIV/0!,#DIV/0!,1080248,0.002449,0.050213,0.001097,0.031487
2,2,46,HS Batch 5-2,249,,,#DIV/0!,#DIV/0!,#DIV/0!,#DIV/0!,1089712,0.043468,0.116832,0.018631,0.083253
2,2,47,HS Batch 5-2,250,,,#DIV/0!,#DIV/0!,#DIV/0!,#DIV/0!,1139264,0.035295,0.134842,0.012485,0.111949
2,2,48,HS Batch 5-2,251,,,#DIV/0!,#DIV/0!,#DIV/0!,#DIV/0!,1102164,0.012239,0.166617,0.007484,0.141387
2,2,49,HS Batch 5-2,252,,,#DIV/0!,#DIV/0!,#DIV/0!,#DIV/0!,1131037,0.011822,0.108186,0.004743,0.080532
2,2,50,HS Batch 5-2,253,,,#DIV/0!,#DIV/0!,#DIV/0!,#DIV/0!,1135123,0.081925,0.053684,0.052915,0.080685
2,2,51,HS Batch 5-2,254,,,#DIV/0!,#DIV/0!,#DIV/0!,#DIV/0!,1145628,0.011299,0.146333,0.00499,0.126172
2,2,52,HS Batch 5-2,255,,,#DIV/0!,#DIV/0!,#DIV/0!,#DIV/0!,1153808,0.044909,0.075022,0.020982,0.088833
2,2,53,HS Batch 5-2,256,,,#DIV/0!,#DIV/0!,#DIV/0!,#DIV/0!,1095183,0.018339,0.219034,0.006184,0.258208
2,2,54,HS Batch 5-2,257,,,#DIV/0!,#DIV/0!,#DIV/0!,#DIV/0!,1127624,0.044365,0.350227,0.0194,0.393766
2,2,57,HS Batch 5-2,258,,,#DIV/0!,#DIV/0!,#DIV/0!,#DIV/0!,1115672,0.015833,0.124671,0.004631,0.079675
2,2,58,HS Batch 5-2,259,,,#DIV/0!,#DIV/0!,#DIV/0!,#DIV/0!,1106195,0.010933,0.266057,0.005182,0.222311
2,2,59,HS Batch 5-2,260,,,#DIV/0!,#DIV/0!,#DIV/0!,#DIV/0!,1124924,0.042746,0.098837,0.014591,0.103691
2,2,60,HS Batch 5-2,261,,,#DIV/0!,#DIV/0!,#DIV/0!,#DIV/0!,1081188,0.004861,0.13521,0.001151,0.064284
2,2,61,HS Batch 5-2,262,,,#DIV/0!,#DIV/0!,#DIV/0!,#DIV/0!,1049583,0.006821,0.217064,0.003369,0.201895
2,2,62,HS Batch 5-2,263,,,#DIV/0!,#DIV/0!,#DIV/0!,#DIV/0!,1159035,0.065143,0.175745,0.026554,0.17728
2,2,63,HS Batch 5-2,264,,,#DIV/0!,#DIV/0!,#DIV/0!,#DIV/0!,1097605,0.010431,0.264685,0.0042,0.247671
2,2,64,HS Batch 5-2,265,,,#DIV/0!,#DIV/0!,#DIV/0!,#DIV/0!,1127196,0.008261,0.29044,0.004125,0.23616
2,2,65,HS Batch 5-2,266,,,#DIV/0!,#DIV/0!,#DIV/0!,#DIV/0!,1176172,0.007515,0.247195,0.004076,0.228307
2,2,66,HS Batch 5-2,267,,,#DIV/0!,#DIV/0!,#DIV/0!,#DIV/0!,1088977,0.035412,0.202365,0.012101,0.150691
2,2,67,HS Batch 5-2,268,,,#DIV/0!,#DIV/0!,#DIV/0!,#DIV/0!,1141405,0.127594,0.344744,0.046766,0.342415
2,2,68,HS Batch 5-2,269,,,#DIV/0!,#DIV/0!,#DIV/0!,#DIV/0!,1128903,0.078231,0.160954,0.037843,0.169176
2,2,69,HS Batch 5-2,270,,,#DIV/0!,#DIV/0!,#DIV/0!,#DIV/0!,1198252,0.004016,0.139679,0.001789,0.086702
2,2,72,HS Batch 5-2,271,,,#DIV/0!,#DIV/0!,#DIV/0!,#DIV/0!,1138116,0.023031,0.229637,0.008293,0.179116
2,2,73,HS Batch 5-2,272,,,#DIV/0!,#DIV/0!,#DIV/0!,#DIV/0!,1138983,0.048374,0.132652,0.014944,0.111944
2,2,74,HS Batch 5-2,273,,,#DIV/0!,#DIV/0!,#DIV/0!,#DIV/0!,1129438,0.028478,0.292071,0.012637,0.334206
2,2,75,HS Batch 5-2,274,,,#DIV/0!,#DIV/0!,#DIV/0!,#DIV/0!,1137600,0.010168,0.196437,0.005115,0.181248
2,2,76,HS Batch 5-2,275,,,#DIV/0!,#DIV/0!,#DIV/0!,#DIV/0!,1102223,0.002438,0.138776,0.002158,0.157196
2,2,77,HS Batch 5-2,276,,,#DIV/0!,#DIV/0!,#DIV/0!,#DIV/0!,1157836,0.026742,0.178998,0.018267,0.220916
2,2,78,HS Batch 5-2,277,,,#DIV/0!,#DIV/0!,#DIV/0!,#DIV/0!,1151842,0.023549,0.204641,0.009627,0.159216
2,2,79,HS Batch 5-2,278,,,#DIV/0!,#DIV/0!,#DIV/0!,#DIV/0!,1148381,0.012314,0.19807,0.009609,0.224889
2,2,80,HS Batch 5-2,279,,,#DIV/0!,#DIV/0!,#DIV/0!,#DIV/0!,1160458,0.065357,0.019628,0.03819,0.0196
2,2,81,HS Batch 5-2,280,,,#DIV/0!,#DIV/0!,#DIV/0!,#DIV/0!,1091699,0.011528,0.232549,0.003539,0.17739
2,2,82,HS Batch 5-2,281,,,#DIV/0!,#DIV/0!,#DIV/0!,#DIV/0!,1127037,0.043983,0.023632,0.026514,0.035269
2,2,83,HS Batch 5-2,282,,,#DIV/0!,#DIV/0!,#DIV/0!,#DIV/0!,1146098,0.005901,0.091031,0.001978,0.06545
2,2,84,HS Batch 5-2,283,,,#DIV/0!,#DIV/0!,#DIV/0!,#DIV/0!,1157584,0.010645,0.051915,0.003157,0.037893
2,2,87,HS Batch 5-2,284,,,#DIV/0!,#DIV/0!,#DIV/0!,#DIV/0!,1145918,0.006622,0.182895,0.002998,0.175711
2,2,88,HS Batch 5-2,285,,,#DIV/0!,#DIV/0!,#DIV/0!,#DIV/0!,1105963,0.038444,0.195703,0.010758,0.154139
2,2,89,HS Batch 5-2,286,,,#DIV/0!,#DIV/0!,#DIV/0!,#DIV/0!,1150162,0.043747,0.251238,0.017588,0.23128
2,2,90,HS Batch 5-2,287,,,#DIV/0!,#DIV/0!,#DIV/0!,#DIV/0!,1154103,0.006372,0.254492,0.003566,0.214753
2,2,91,HS Batch 5-2,288,,,#DIV/0!,#DIV/0!,#DIV/0!,#DIV/0!,1210298,0.059931,0.079134,0.021082,0.118136
2,2,92,HS Batch 5-2,289,,,#DIV/0!,#DIV/0!,#DIV/0!,#DIV/0!,1163979,0.040026,0.177661,0.020327,0.163392
2,2,93,HS Batch 5-2,290,,,#DIV/0!,#DIV/0!,#DIV/0!,#DIV/0!,1097183,0.038925,0.169425,0.020036,0.163588
2,2,94,HS Batch 5-2,291,,,#DIV/0!,#DIV/0!,#DIV/0!,#DIV/0!,1227421,0.010368,0.141675,0.003312,0.12473
2,2,95,HS Batch 5-2,292,,,#DIV/0!,#DIV/0!,#DIV/0!,#DIV/0!,1211285,0.092309,0.189408,0.038567,0.2271
2,2,96,HS Batch 5-2,293,,,#DIV/0!,#DIV/0!,#DIV/0!,#DIV/0!,1193986,0.009592,0.333884,0.005646,0.288589
2,2,97,HS Batch 5-2,294,,,#DIV/0!,#DIV/0!,#DIV/0!,#DIV/0!,1240121,0.165516,0.21805,0.073386,0.286852
2,2,98,HS Batch 5-2,295,,,#DIV/0!,#DIV/0!,#DIV/0!,#DIV/0!,1143650,0.012909,0.201563,0.002352,0.115698
2,2,99,HS Batch 5-2,296,,,#DIV/0!,#DIV/0!,#DIV/0!,#DIV/0!,1111486,0.016957,0.177343,0.006379,0.158854
2,2,102,HS Batch 5-2,297,,,#DIV/0!,#DIV/0!,#DIV/0!,#DIV/0!,1178716,0.043506,0.209159,0.020674,0.171437
2,2,103,HS Batch 5-2,298,,,#DIV/0!,#DIV/0!,#DIV/0!,#DIV/0!,1103121,0.014434,0.308922,0.006557,0.299089
2,2,104,HS Batch 5-2,299,,,#DIV/0!,#DIV/0!,#DIV/0!,#DIV/0!,1159658,0.002232,0.045269,0.001077,0.027138
2,2,105,HS Batch 5-2,300,,,#DIV/0!,#DIV/0!,#DIV/0!,#DIV/0!,1161582,0.015893,0.540583,0.012834,0.480459
2,2,106,HS Batch 5-2,301,,,#DIV/0!,#DIV/0!,#DIV/0!,#DIV/0!,1209165,0.010386,0.257156,0.005537,0.241394
2,2,107,HS Batch 5-2,302,,,#DIV/0!,#DIV/0!,#DIV/0!,#DIV/0!,1209815,0.006624,0.126112,0.001812,0.073975
2,2,108,HS Batch 5-2,303,,,#DIV/0!,#DIV/0!,#DIV/0!,#DIV/0!,1170412,0.004857,0.079119,0.00113,0.04737
2,2,109,HS Batch 5-2,304,,,#DIV/0!,#DIV/0!,#DIV/0!,#DIV/0!,1266917,0.010768,0.107486,0.003173,0.075489
2,2,110,HS Batch 5-2,305,,,#DIV/0!,#DIV/0!,#DIV/0!,#DIV/0!,1185202,0.01006,0.215706,0.002768,0.145458
2,2,111,HS Batch 5-2,306,,,#DIV/0!,#DIV/0!,#DIV/0!,#DIV/0!,1200324,0.006051,0.177203,0.00355,0.158369
2,2,112,HS Batch 5-2,307,,,#DIV/0!,#DIV/0!,#DIV/0!,#DIV/0!,1283331,0.004555,0.147023,0.002334,0.135833
2,2,113,HS Batch 5-2,308,,,#DIV/0!,#DIV/0!,#DIV/0!,#DIV/0!,1157253,0.016882,0.228519,0.005178,0.198806
2,2,114,HS Batch 5-2,309,,,#DIV/0!,#DIV/0!,#DIV/0!,#DIV/0!,1295243,0.029236,0.10572,0.018823,0.102514
3,1,3,HS Batch 6,310,,,#DIV/0!,#DIV/0!,#DIV/0!,#DIV/0!,1319949,0.004776,0.424661,0.006343,0.314156
3,1,4,HS Batch 6,311,,,#DIV/0!,#DIV/0!,#DIV/0!,#DIV/0!,1301953,0.02504,0.142699,0.013248,0.121244
3,1,5,HS Batch 6,312,,,#DIV/0!,#DIV/0!,#DIV/0!,#DIV/0!,1251016,0.006263,0.240899,0.004858,0.174388
3,1,6,HS Batch 6,313,,,#DIV/0!,#DIV/0!,#DIV/0!,#DIV/0!,1301631,0.005448,0.101921,0.0026,0.061102
3,1,7,HS Batch 6,314,,,#DIV/0!,#DIV/0!,#DIV/0!,#DIV/0!,1318234,0.067227,0.266084,0.03394,0.266706
3,1,8,HS Batch 6,316,,,#DIV/0!,#DIV/0!,#DIV/0!,#DIV/0!,1318494,0.008443,0.211169,0.006462,0.191162
3,1,9,HS Batch 6,317,,,#DIV/0!,#DIV/0!,#DIV/0!,#DIV/0!,1359002,0.002184,0.18837,0.003473,0.207032
3,1,10,HS Batch 6,318,,,#DIV/0!,#DIV/0!,#DIV/0!,#DIV/0!,1488751,0.004625,0.125037,0.003772,0.107678
3,1,13,HS Batch 6,319,,,#DIV/0!,#DIV/0!,#DIV/0!,#DIV/0!,1387873,0.037113,0.078566,0.023181,0.04992
3,1,14,HS Batch 6,320,,,#DIV/0!,#DIV/0!,#DIV/0!,#DIV/0!,1383845,0.075884,0.0658,0.046583,0.073667
3,1,15,HS Batch 6,321,,,#DIV/0!,#DIV/0!,#DIV/0!,#DIV/0!,1400382,0.009997,0.135574,0.005743,0.136929
3,1,16,HS Batch 6,322,,,#DIV/0!,#DIV/0!,#DIV/0!,#DIV/0!,1408585,0.030906,0.106719,0.016475,0.052933
3,1,17,HS Batch 6,323,,,#DIV/0!,#DIV/0!,#DIV/0!,#DIV/0!,1348540,0.014128,0.237994,0.01115,0.188849
3,1,18,HS Batch 6,324,,,#DIV/0!,#DIV/0!,#DIV/0!,#DIV/0!,1347344,0.016728,0.298079,0.0124,0.375616
1,1,25,HS Batch 1,ctrl-1,,,#DIV/0!,#DIV/0!,#DIV/0!,#DIV/0!,539990,0.01485,0.401858,0.012397,0.34825
1,1,26,HS Batch 1,ctrl-1,,,#DIV/0!,#DIV/0!,#DIV/0!,#DIV/0!,563466,0.018318,0.456844,0.013172,0.389515
1,1,39,HS Batch 1,ctrl-1,,,#DIV/0!,#DIV/0!,#DIV/0!,#DIV/0!,604580,0.017626,0.38853,0.012041,0.338064
1,1,40,HS Batch 1,ctrl-1,,,#DIV/0!,#DIV/0!,#DIV/0!,#DIV/0!,590663,0.021364,0.498051,0.014129,0.412177
1,1,54,HS Batch 1,ctrl-1,,,#DIV/0!,#DIV/0!,#DIV/0!,#DIV/0!,606767,0.015861,0.433431,0.011871,0.367068
1,1,55,HS Batch 1,ctrl-1,,,#DIV/0!,#DIV/0!,#DIV/0!,#DIV/0!,645452,0.019496,0.476785,0.013923,0.396978
1,1,69,HS Batch 1,ctrl-1,,,#DIV/0!,#DIV/0!,#DIV/0!,#DIV/0!,684560,0.016392,0.402478,0.009966,0.332934
1,1,70,HS Batch 1,ctrl-1,,,#DIV/0!,#DIV/0!,#DIV/0!,#DIV/0!,673395,0.018998,0.468692,0.013398,0.388121
1,1,73,HS Batch 2,ctrl-2,,,#DIV/0!,#DIV/0!,#DIV/0!,#DIV/0!,1036252,0.04283,0.336945,0.017064,0.274329
1,1,74,HS Batch 2,ctrl-2,,,#DIV/0!,#DIV/0!,#DIV/0!,#DIV/0!,1071014,0.036484,0.338306,0.016939,0.274362
1,1,88,HS Batch 2,ctrl-2,,,#DIV/0!,#DIV/0!,#DIV/0!,#DIV/0!,1065988,0.033224,0.34662,0.016554,0.271834
1,1,89,HS Batch 2,ctrl-2,,,#DIV/0!,#DIV/0!,#DIV/0!,#DIV/0!,1058872,0.037637,0.362684,0.018771,0.289754
1,1,103,HS Batch 2,ctrl-2,,,#DIV/0!,#DIV/0!,#DIV/0!,#DIV/0!,1078342,0.034024,0.339293,0.016632,0.269411
1,1,104,HS Batch 2,ctrl-2,,,#DIV/0!,#DIV/0!,#DIV/0!,#DIV/0!,1062909,0.038278,0.369219,0.018462,0.286789
1,1,118,HS Batch 2,ctrl-2,,,#DIV/0!,#DIV/0!,#DIV/0!,#DIV/0!,1060946,0.045872,0.352043,0.017542,0.268312
1,1,119,HS Batch 2,ctrl-2,,,#DIV/0!,#DIV/0!,#DIV/0!,#DIV/0!,1075640,0.044171,0.368479,0.018082,0.267791
1,1,133,HS Batch 2,ctrl-2,,,#DIV/0!,#DIV/0!,#DIV/0!,#DIV/0!,1056887,0.03851,0.357455,0.017761,0.275329
1,1,134,HS Batch 2,ctrl-2,,,#DIV/0!,#DIV/0!,#DIV/0!,#DIV/0!,1083476,0.046451,0.375513,0.019275,0.280679
1,1,148,HS Batch 2,ctrl-2,,,#DIV/0!,#DIV/0!,#DIV/0!,#DIV/0!,1096146,0.03886,0.351909,0.017467,0.262049
1,1,149,HS Batch 2,ctrl-2,,,#DIV/0!,#DIV/0!,#DIV/0!,#DIV/0!,1113284,0.041981,0.354758,0.017342,0.27607
1,1,163,HS Batch 2,ctrl-2,,,#DIV/0!,#DIV/0!,#DIV/0!,#DIV/0!,1081465,0.036729,0.358345,0.016518,0.280027
1,1,164,HS Batch 2,ctrl-2,,,#DIV/0!,#DIV/0!,#DIV/0!,#DIV/0!,1147802,0.034715,0.365823,0.019183,0.283683
1,1,167,HS Batch 3,ctrl-3,,,#DIV/0!,#DIV/0!,#DIV/0!,#DIV/0!,1175040,0.017463,0.370488,0.012366,0.287086
1,1,168,HS Batch 3,ctrl-3,,,#DIV/0!,#DIV/0!,#DIV/0!,#DIV/0!,1228881,0.01816,0.387586,0.012923,0.28862
1,1,182,HS Batch 3,ctrl-3,,,#DIV/0!,#DIV/0!,#DIV/0!,#DIV/0!,1257941,0.018138,0.385579,0.01232,0.282854
1,1,183,HS Batch 3,ctrl-3,,,#DIV/0!,#DIV/0!,#DIV/0!,#DIV/0!,1252975,0.019968,0.399384,0.012744,0.295528
1,1,195,HS Batch 3,ctrl-3,,,#DIV/0!,#DIV/0!,#DIV/0!,#DIV/0!,1202679,0.018064,0.403756,0.013411,0.310073
1,1,196,HS Batch 3,ctrl-3,,,#DIV/0!,#DIV/0!,#DIV/0!,#DIV/0!,1301306,0.023525,0.359621,0.011954,0.274285
1,1,211,HS Batch 3,ctrl-3,,,#DIV/0!,#DIV/0!,#DIV/0!,#DIV/0!,1233220,0.018957,0.39899,0.010957,0.274021
1,1,212,HS Batch 3,ctrl-3,,,#DIV/0!,#DIV/0!,#DIV/0!,#DIV/0!,1286815,0.018818,0.380561,0.01256,0.266088
1,1,215,HS Batch 4,ctrl-4,,,#DIV/0!,#DIV/0!,#DIV/0!,#DIV/0!,1109150,0.016043,0.334835,0.009418,0.272157
1,1,216,HS Batch 4,ctrl-4,,,#DIV/0!,#DIV/0!,#DIV/0!,#DIV/0!,1183912,0.018198,0.356213,0.010975,0.292653
1,1,230,HS Batch 4,ctrl-4,,,#DIV/0!,#DIV/0!,#DIV/0!,#DIV/0!,1208772,0.013386,0.344902,0.010054,0.258917
1,1,231,HS Batch 4,ctrl-4,,,#DIV/0!,#DIV/0!,#DIV/0!,#DIV/0!,1197875,0.017907,0.38105,0.012443,0.295315
1,1,245,HS Batch 4,ctrl-4,,,#DIV/0!,#DIV/0!,#DIV/0!,#DIV/0!,1193476,0.020938,0.350061,0.010705,0.258382
1,1,246,HS Batch 4,ctrl-4,,,#DIV/0!,#DIV/0!,#DIV/0!,#DIV/0!,1231180,0.024947,0.378117,0.012758,0.278556
1,1,260,HS Batch 4,ctrl-4,,,#DIV/0!,#DIV/0!,#DIV/0!,#DIV/0!,1255636,0.02172,0.332097,0.011084,0.255939
1,1,261,HS Batch 4,ctrl-4,,,#DIV/0!,#DIV/0!,#DIV/0!,#DIV/0!,1287467,0.022815,0.367304,0.012119,0.275517
1,1,274,HS Batch 4,ctrl-4,,,#DIV/0!,#DIV/0!,#DIV/0!,#DIV/0!,1292952,0.016696,0.340423,0.011111,0.257631
1,1,275,HS Batch 4,ctrl-4,,,#DIV/0!,#DIV/0!,#DIV/0!,#DIV/0!,1275498,0.018731,0.392509,0.013571,0.293928
1,1,289,HS Batch 4,ctrl-4,,,#DIV/0!,#DIV/0!,#DIV/0!,#DIV/0!,1316943,0.016648,0.351583,0.010846,0.261254
1,1,290,HS Batch 4,ctrl-4,,,#DIV/0!,#DIV/0!,#DIV/0!,#DIV/0!,1308586,0.020427,0.376835,0.013328,0.286729
1,1,304,HS Batch 4,ctrl-4,,,#DIV/0!,#DIV/0!,#DIV/0!,#DIV/0!,1349906,0.01834,0.348777,0.011921,0.261203
1,1,305,HS Batch 4,ctrl-4,,,#DIV/0!,#DIV/0!,#DIV/0!,#DIV/0!,1360708,0.020994,0.372755,0.014062,0.27972
2,2,25,HS Batch 5-2,ctrl-5,,,#DIV/0!,#DIV/0!,#DIV/0!,#DIV/0!,1125613,0.019623,0.372129,0.01103,0.336281
2,2,26,HS Batch 5-2,ctrl-5,,,#DIV/0!,#DIV/0!,#DIV/0!,#DIV/0!,1155653,0.021356,0.366619,0.009392,0.343857
2,2,40,HS Batch 5-2,ctrl-5,,,#DIV/0!,#DIV/0!,#DIV/0!,#DIV/0!,1162667,0.020943,0.411875,0.011701,0.337638
2,2,41,HS Batch 5-2,ctrl-5,,,#DIV/0!,#DIV/0!,#DIV/0!,#DIV/0!,1192957,0.019011,0.411517,0.009873,0.354595
2,2,55,HS Batch 5-2,ctrl-5,,,#DIV/0!,#DIV/0!,#DIV/0!,#DIV/0!,1172677,0.024507,0.406484,0.011496,0.359303
2,2,56,HS Batch 5-2,ctrl-5,,,#DIV/0!,#DIV/0!,#DIV/0!,#DIV/0!,1272998,0.019453,0.375212,0.010135,0.321348
2,2,70,HS Batch 5-2,ctrl-5,,,#DIV/0!,#DIV/0!,#DIV/0!,#DIV/0!,1214457,0.022481,0.385982,0.011703,0.348947
2,2,71,HS Batch 5-2,ctrl-5,,,#DIV/0!,#DIV/0!,#DIV/0!,#DIV/0!,1223292,0.019661,0.3782,0.011246,0.359684
2,2,85,HS Batch 5-2,ctrl-5,,,#DIV/0!,#DIV/0!,#DIV/0!,#DIV/0!,1177089,0.02476,0.403824,0.011569,0.358017
2,2,86,HS Batch 5-2,ctrl-5,,,#DIV/0!,#DIV/0!,#DIV/0!,#DIV/0!,1223372,0.022193,0.405871,0.012008,0.363472
2,2,100,HS Batch 5-2,ctrl-5,,,#DIV/0!,#DIV/0!,#DIV/0!,#DIV/0!,1214025,0.021342,0.397281,0.011386,0.367101
2,2,101,HS Batch 5-2,ctrl-5,,,#DIV/0!,#DIV/0!,#DIV/0!,#DIV/0!,1246728,0.020272,0.389232,0.010666,0.342066
2,2,115,HS Batch 5-2,ctrl-5,,,#DIV/0!,#DIV/0!,#DIV/0!,#DIV/0!,1225513,0.019984,0.382033,0.011141,0.338079
2,2,116,HS Batch 5-2,ctrl-5,,,#DIV/0!,#DIV/0!,#DIV/0!,#DIV/0!,1234582,0.020802,0.375236,0.010711,0.353225
3,1,1,HS Batch 6,ctrl-6,,,#DIV/0!,#DIV/0!,#DIV/0!,#DIV/0!,1262717,0.011222,0.386354,0.010993,0.297702
3,1,2,HS Batch 6,ctrl-6,,,#DIV/0!,#DIV/0!,#DIV/0!,#DIV/0!,1203159,0.012616,0.419461,0.009007,0.307308
3,1,11,HS Batch 6,ctrl-6,,,#DIV/0!,#DIV/0!,#DIV/0!,#DIV/0!,1396981,0.012953,0.373573,0.010453,0.281852
3,1,12,HS Batch 6,ctrl-6,,,#DIV/0!,#DIV/0!,#DIV/0!,#DIV/0!,1316357,0.013676,0.397013,0.009229,0.293726
3,1,19,HS Batch 6,ctrl-6,,,#DIV/0!,#DIV/0!,#DIV/0!,#DIV/0!,1395931,0.015117,0.379991,0.011328,0.28558
3,1,20,HS Batch 6,ctrl-6,,,#DIV/0!,#DIV/0!,#DIV/0!,#DIV/0!,1389439,0.013711,0.386935,0.011061,0.295096
2,1,1,Batch 2,SalicinSTD,,,,,,,1029122,0.016063,,,0.000058
2,1,2,Batch 2,SalicinSTD,,,,,,,1054879,0.025531,0.000004,,0.000004
2,1,3,Batch 2,SalicinSTD,,,,,,,1094084,0.154428,0.000019,0.000006,0.00001
2,1,4,Batch 2,SalicinSTD,,,,,,,1012276,0.373808,0.000041,0.000003,0.000027
1,1,1,HS Batch 1,SalicinSTD,,,,,,,435155,0.01241,,0.000161,0.00006
1,1,2,HS Batch 1,SalicinSTD,,,,,,,450292,0.025304,0.000046,0.00006,0.000058
1,1,3,HS Batch 1,SalicinSTD,,,,,,,467967,0.163321,,0.000325,0.000073
1,1,4,HS Batch 1,SalicinSTD,,,,,,,469299,0.368386,0.000035,,0.000013
3,1,23,HS Batch 1,SalicinSTD,,,,,,,435155,0.01241,,0.000161,0.00006
3,1,24,HS Batch 1,SalicinSTD,,,,,,,450292,0.025304,0.000046,0.00006,0.000058
3,1,25,HS Batch 1,SalicinSTD,,,,,,,467967,0.163321,,0.000325,0.000073
3,1,26,HS Batch 1,SalicinSTD,,,,,,,469299,0.368386,0.000035,,0.000013
2,1,6,Batch 2,SalicortinSTD,,,,,,,1114368,,0.014238,0.000003,0.000041
2,1,7,Batch 2,SalicortinSTD,,,,,,,1120059,0.00013,0.032454,0.000033,0.000064
2,1,8,Batch 2,SalicortinSTD,,,,,,,1115170,0.000226,0.168446,0.000003,0.000065
2,1,9,Batch 2,SalicortinSTD,,,,,,,1149782,0.00025,0.348974,0.000024,0.000056
2,1,10,Batch 2,SalicortinSTD,,,,,,,1063227,0.00049,0.72145,0.000039,0.000031
2,1,11,Batch 2,SalicortinSTD,,,,,,,1057885,0.000797,1.055408,0.000017,0.000092
1,1,6,HS Batch 1,SalicortinSTD,,,,,,,505405,0.000009,0.016772,0.000107,0.000046
1,1,7,HS Batch 1,SalicortinSTD,,,,,,,526289,0.000046,0.034587,,0.000033
1,1,8,HS Batch 1,SalicortinSTD,,,,,,,550080,0.000148,0.15462,0.000044,0.000066
1,1,9,HS Batch 1,SalicortinSTD,,,,,,,559202,0.000236,0.362717,0.000054,0.000016
1,1,10,HS Batch 1,SalicortinSTD,,,,,,,535144,0.000422,0.710963,0.000044,0.000036
1,1,11,HS Batch 1,SalicortinSTD,,,,,,,538973,0.000624,1.08688,,0.00014
3,1,28,HS Batch 1,SalicortinSTD,,,,,,,505405,0.000009,0.016772,0.000107,0.000046
3,1,29,HS Batch 1,SalicortinSTD,,,,,,,526289,0.000046,0.034587,,0.000033
3,1,30,HS Batch 1,SalicortinSTD,,,,,,,550080,0.000148,0.15462,0.000044,0.000066
3,1,31,HS Batch 1,SalicortinSTD,,,,,,,559202,0.000236,0.362717,0.000054,0.000016
3,1,32,HS Batch 1,SalicortinSTD,,,,,,,535144,0.000422,0.710963,0.000044,0.000036
3,1,33,HS Batch 1,SalicortinSTD,,,,,,,538973,0.000624,1.08688,,0.00014
2,1,13,Batch 2,TremulacinSTD,,,,,,,1154850,0.00004,0.000009,0.000012,0.01973
2,1,14,Batch 2,TremulacinSTD,,,,,,,1147625,,0.000011,0.000029,0.038342
2,1,15,Batch 2,TremulacinSTD,,,,,,,1273731,,0.000109,0.000094,0.154873
2,1,16,Batch 2,TremulacinSTD,,,,,,,1174120,,0.000317,0.000235,0.353699
2,1,17,Batch 2,TremulacinSTD,,,,,,,1264146,0.000031,0.000508,0.000425,0.628982
2,1,18,Batch 2,TremulacinSTD,,,,,,,1155818,0.000061,0.000844,0.000554,
1,1,13,HS Batch 1,TremulacinSTD,,,,,,,544691,,,0.000206,0.020137
1,1,14,HS Batch 1,TremulacinSTD,,,,,,,614746,0.000046,0.00003,0.000316,0.039507
1,1,15,HS Batch 1,TremulacinSTD,,,,,,,650126,,0.000144,0.000121,0.158698
1,1,16,HS Batch 1,TremulacinSTD,,,,,,,590253,0.000058,0.000277,0.000481,0.349071
1,1,17,HS Batch 1,TremulacinSTD,,,,,,,632565,,0.000558,0.000544,0.601397
1,1,18,HS Batch 1,TremulacinSTD,,,,,,,601401,0.00004,0.00072,0.000403,
3,1,35,HS Batch 1,TremulacinSTD,,,,,,,544691,,,0.000206,0.020137
3,1,36,HS Batch 1,TremulacinSTD,,,,,,,614746,0.000046,0.00003,0.000316,0.039507
3,1,37,HS Batch 1,TremulacinSTD,,,,,,,650126,,0.000144,0.000121,0.158698
3,1,38,HS Batch 1,TremulacinSTD,,,,,,,590253,0.000058,0.000277,0.000481,0.349071
3,1,39,HS Batch 1,TremulacinSTD,,,,,,,632565,,0.000558,0.000544,0.601397
3,1,40,HS Batch 1,TremulacinSTD,,,,,,,601401,0.00004,0.00072,0.000403,
2,1,20,Batch 2,TremuloidinSTD,,,,,,,1151700,0.00016,0.000044,0.014883,0.000237
2,1,21,Batch 2,TremuloidinSTD,,,,,,,1196201,0.000274,0.000093,0.031582,0.000524
2,1,22,Batch 2,TremuloidinSTD,,,,,,,1183909,0.001221,0.000237,0.14678,0.002314
2,1,23,Batch 2,TremuloidinSTD,,,,,,,1330038,0.003066,0.000453,0.383681,0.00556
1,1,20,HS Batch 1,TremuloidinSTD,,,,,,,592642,0.000163,0.000002,0.016077,0.000322
1,1,21,HS Batch 1,TremuloidinSTD,,,,,,,599975,0.000427,,0.027818,0.0005
1,1,22,HS Batch 1,TremuloidinSTD,,,,,,,613942,0.001499,0.000248,0.152087,0.002344
1,1,23,HS Batch 1,TremuloidinSTD,,,,,,,614047,0.002849,0.00043,0.373387,0.006014
3,1,42,HS Batch 1,TremuloidinSTD,,,,,,,592642,0.000163,0.000002,0.016077,0.000322
3,1,43,HS Batch 1,TremuloidinSTD,,,,,,,599975,0.000427,,0.027818,0.0005
3,1,44,HS Batch 1,TremuloidinSTD,,,,,,,613942,0.001499,0.000248,0.152087,0.002344
3,1,45,HS Batch 1,TremuloidinSTD,,,,,,,614047,0.002849,0.00043,0.373387,0.006014
