Analys.batch,std.batch,chem.order,ID,Chem.ID,PG.wts,Scin.DW,Scort.DW,Tdin.DW,Tcin.DW,redo.flag,type.flag,Scn.Conc.,Scort.Conc.,Tdin.Conc.,Tcin.Conc.
1,1,27,HS Batch 1,1,25.8,0.247455349,4.209972907,0.164830814,3.489660349,,0,0.019524,0.332163,0.013005,0.275331
1,1,28,HS Batch 1,2,22.1,0.490677557,2.515976471,0.230409231,1.677731946,,0,0.033162,0.17004,0.015572,0.113388
1,1,29,HS Batch 1,3,26.6,0.485324549,1.50990406,0.16680688,1.370953647,,0,0.039479,0.122824,0.013569,0.111521
1,1,30,HS Batch 1,4,24,0.181089875,2.224649125,0.07158575,1.491596875,,0,0.013291,0.163277,0.005254,0.109475
1,1,31,HS Batch 1,5,24.9,0.153952651,1.309260723,0.055393012,0.984821566,,0,0.011723,0.099696,0.004218,0.074991
1,1,32,HS Batch 1,6,23,0.090394174,4.386534391,0.049675565,4.431930522,,0,0.006358,0.308533,0.003494,0.311726
1,1,33,HS Batch 1,7,24.3,0.419865309,1.879980864,0.265475556,1.750607284,,0,0.031201,0.139705,0.019728,0.130091
1,1,34,HS Batch 1,8,24.8,2.419180282,1.551667742,1.369470726,3.134321371,,0,0.183473,0.11768,0.103862,0.23771
1,1,35,HS Batch 1,9,25.6,0.822890391,2.819800195,0.537442383,3.037472344,,0,0.064422,0.220755,0.042075,0.237796
1,1,36,HS Batch 1,10,23,0.077783348,4.13551213,0.046234957,2.776429043,,0,0.005471,0.290877,0.003252,0.195284
1,1,37,HS Batch 1,11,20.8,0.775115769,1.740881971,0.476350962,1.296114808,,0,0.049304,0.110735,0.0303,0.082444
1,1,38,HS Batch 1,12,20.9,1.25517933,1.971966459,0.663184163,2.423007416,,0,0.080224,0.126037,0.042387,0.154865
1,1,41,HS Batch 1,13,25.9,3.262588842,1.413246023,1.36216332,3.686060154,,0,0.258413,0.111936,0.10789,0.291954
1,1,42,HS Batch 1,14,21,1.655429714,1.087866714,1.215365571,1.555336571,,0,0.106312,0.069863,0.078051,0.099884
1,1,43,HS Batch 1,15,28.6,0.08713521,0.696269895,0.036210105,0.55804951,,0,0.007621,0.060897,0.003167,0.048808
1,1,44,HS Batch 1,16,22,0.072995318,1.613313955,0.022830545,1.260124227,,0,0.004911,0.108541,0.001536,0.084779
1,1,45,HS Batch 1,17,29.2,0.220624212,3.034246438,0.046507911,2.712095445,,0,0.019701,0.270948,0.004153,0.242181
1,1,46,HS Batch 1,18,26.2,1.157954427,0.657469695,1.353293244,1.203609618,,0,0.092778,0.052678,0.108429,0.096436
1,1,47,HS Batch 1,19,23.5,1.028129745,0.598869191,0.690665745,0.846763021,,0,0.073887,0.043038,0.049635,0.060853
1,1,48,HS Batch 1,20,28.5,1.210519579,0.921738421,0.642423053,1.424102211,,0,0.105504,0.080335,0.055991,0.124119
1,1,49,HS Batch 1,21,22.9,0.607434629,0.415332838,0.470808603,0.617130393,,0,0.042539,0.029086,0.032971,0.043218
1,1,50,HS Batch 1,22,24.1,1.079520622,2.710965685,0.726618423,3.392238299,,0,0.079561,0.199799,0.053552,0.250009
1,1,51,HS Batch 1,23,25.6,0.804982031,1.150912266,0.410270039,1.346243672,,0,0.06302,0.090102,0.032119,0.105394
1,1,52,HS Batch 1,24,21.2,0.6744375,1.096699387,0.324994811,1.191328868,,0,0.043725,0.071101,0.02107,0.077236
1,1,53,HS Batch 1,25,23.3,1.100698841,0.274104592,1.09386412,0.604248283,,0,0.078429,0.019531,0.077942,0.043055
1,1,56,HS Batch 1,26,28.3,1.062022049,0.984350883,0.833110495,1.402876219,,0,0.091912,0.08519,0.072101,0.121411
1,1,57,HS Batch 1,27,28.1,1.121598363,1.757432989,0.531974306,3.146566228,,0,0.096382,0.151021,0.045714,0.270393
1,1,58,HS Batch 1,28,21.9,0.641367945,2.843720411,0.313472055,2.614551644,,0,0.042954,0.190451,0.020994,0.175103
1,1,59,HS Batch 1,29,24,0.40921325,1.280436625,0.399634875,1.199803875,,0,0.030034,0.093977,0.029331,0.088059
1,1,60,HS Batch 1,30,27.3,0.377032198,0.959547363,0.171165934,0.873185824,,0,0.031477,0.080109,0.01429,0.072899
1,1,61,HS Batch 1,31,20.2,0.191829208,2.826947376,0.122705941,2.882326931,,0,0.01185,0.174631,0.00758,0.178052
1,1,62,HS Batch 1,32,28.1,0.063188968,0.581559609,0.054216833,0.385347972,,0,0.00543,0.049975,0.004659,0.033114
1,1,63,HS Batch 1,33,23.8,0.906738025,0.442741513,0.88806605,0.439073067,,0,0.065995,0.032224,0.064636,0.031957
1,1,64,HS Batch 1,34,25.5,1.055838118,0.621889882,0.870256,0.769091176,,0,0.082336,0.048496,0.067864,0.059975
1,1,65,HS Batch 1,35,27.5,0.682526291,1.537125927,0.694987964,1.739235709,,0,0.057399,0.129269,0.058447,0.146266
1,1,66,HS Batch 1,36,26.9,0.502303606,1.36648316,0.304012751,1.304413941,,0,0.041321,0.112411,0.025009,0.107305
1,1,67,HS Batch 1,37,24.9,0.984939759,0.193547229,1.168703253,0.486218795,,0,0.075,0.014738,0.088993,0.037024
1,1,68,HS Batch 1,38,24.9,0.821781205,0.609874699,0.643677831,0.893379759,,0,0.062576,0.04644,0.049014,0.068028
1,1,75,HS Batch 2,39,24.8,0.765496452,0.232855645,0.638164234,0.430993911,,0,0.058056,0.01766,0.048399,0.032687
1,1,76,HS Batch 2,40,21.5,0.312064465,3.358305209,0.125689674,3.328312465,,0,0.020518,0.220806,0.008264,0.218834
1,1,77,HS Batch 2,41,21.7,0.863807419,3.792371198,0.337804562,3.829441244,,0,0.057323,0.251665,0.022417,0.254125
1,1,78,HS Batch 2,42,23.7,0.991927595,0.798169747,0.351311139,0.719179241,,0,0.071892,0.057849,0.025462,0.052124
1,1,79,HS Batch 2,43,26.5,0.940340943,1.810395396,0.334909698,2.245330075,,0,0.076205,0.146714,0.027141,0.181961
1,1,80,HS Batch 2,44,23.1,1.348032727,0.628802597,0.701280519,1.326728182,,0,0.095228,0.04442,0.04954,0.093723
1,1,81,HS Batch 2,45,23.9,0.257536444,1.893412092,0.06546841,1.021444017,,0,0.018823,0.138387,0.004785,0.074656
1,1,82,HS Batch 2,46,25.5,0.243236706,2.362248,0.085507294,1.893535176,,0,0.018968,0.184212,0.006668,0.147661
1,1,83,HS Batch 2,47,28.7,1.295706167,0.900856516,0.954372857,0.774750732,,0,0.113721,0.079066,0.083763,0.067998
1,1,84,HS Batch 2,48,20.9,1.116697177,1.260311196,0.880881675,1.500382392,,0,0.071373,0.080552,0.056301,0.095896
1,1,85,HS Batch 2,49,21.4,0.474363925,2.758046355,0.222711449,2.144753271,,0,0.031044,0.180496,0.014575,0.14036
1,1,86,HS Batch 2,50,21,2.270828143,0.504078286,1.75272,1.200494857,,0,0.145833,0.032372,0.11256,0.077096
1,1,87,HS Batch 2,51,21.1,0.934212654,2.302110995,0.500697441,1.973375261,,0,0.060281,0.148546,0.032308,0.127334
1,1,90,HS Batch 2,52,28.9,1.84145128,2.445597924,0.66758917,2.802582353,,0,0.162746,0.21614,0.059001,0.24769
1,1,91,HS Batch 2,53,21,1.267016,0.699126,0.844734429,1.103329143,,0,0.081368,0.044898,0.054249,0.070856
1,1,92,HS Batch 2,54,24.1,0.220270456,1.687808465,0.055793527,1.079602033,,0,0.016234,0.124392,0.004112,0.079567
1,1,93,HS Batch 2,55,22.9,0.667665459,1.794444629,0.43735179,1.514224192,,0,0.046757,0.125666,0.030628,0.106042
1,1,94,HS Batch 2,55,29.3,0.269657816,2.52171686,0.113858498,1.812763003,1,0,0.024162,0.225952,0.010202,0.162428
1,1,95,HS Batch 2,56,23.6,1.470086695,1.550409534,0.855257415,1.404977669,,0,0.106098,0.111895,0.061725,0.101399
1,1,96,HS Batch 2,57,23.9,1.26249364,2.218222971,0.743097238,3.454529247,,0,0.092274,0.162127,0.054312,0.252487
1,1,97,HS Batch 2,58,25.6,0.354628945,3.101135156,0.146000391,2.604912656,,0,0.027763,0.24278,0.01143,0.203932
1,1,98,HS Batch 2,59,24.1,0.186987012,2.024998382,0.071668631,1.710494938,,0,0.013781,0.149243,0.005282,0.126064
1,1,99,HS Batch 2,60,22.5,0.576159467,3.4015412,0.218624933,3.598642267,,0,0.039644,0.234051,0.015043,0.247613
1,1,100,HS Batch 2,61,24.6,0.290431829,2.29241622,0.099176707,1.44657622,,0,0.021849,0.172457,0.007461,0.108825
1,1,101,HS Batch 2,62,24.5,0.254766367,1.715535429,0.15138098,1.697663878,,0,0.019088,0.128534,0.011342,0.127195
1,1,102,HS Batch 2,63,25,1.24262616,0.22120896,1.05825048,0.38460432,,0,0.095002,0.016912,0.080906,0.029404
1,1,105,HS Batch 2,64,20.4,0.405191471,2.564048676,0.126744559,1.877284559,,0,0.025278,0.159959,0.007907,0.117115
1,1,106,HS Batch 2,65,21.1,0.753029858,0.434925498,0.522595592,0.691178815,,0,0.04859,0.028064,0.033721,0.044599
1,1,107,HS Batch 2,66,24.4,0.759591516,0.748240328,0.473265492,0.752435041,,0,0.056679,0.055832,0.035314,0.056145
1,1,108,HS Batch 2,67,22.6,0.252556858,1.17066,0.109516062,0.859199735,,0,0.017455,0.080908,0.007569,0.059382
1,1,109,HS Batch 2,68,21.5,0.469313442,2.194960884,0.188747442,1.974684558,,0,0.030857,0.144317,0.01241,0.129834
1,1,110,HS Batch 2,69,21.8,0.65985,1.776495,0.30603,1.12944,,0,0.04399,0.118433,0.020402,0.075296
1,1,111,HS Batch 2,70,21.2,0.444133868,2.396971698,0.259440566,1.803219906,,0,0.028794,0.1554,0.01682,0.116906
1,1,112,HS Batch 2,71,28,0.442197429,2.752802786,0.144101893,2.133628286,,0,0.037864,0.235714,0.012339,0.182696
1,1,113,HS Batch 2,72,22.5,0.5847632,1.432187333,0.3245148,1.303436533,,0,0.040236,0.098545,0.022329,0.089686
1,1,114,HS Batch 2,73,27.3,0.776175824,1.273718901,0.36273044,1.422473956,,0,0.0648,0.106338,0.030283,0.118757
1,1,115,HS Batch 2,74,25.5,1.166992471,1.163414706,0.710705647,1.315001647,,0,0.091004,0.090725,0.055422,0.102546
1,1,116,HS Batch 2,75,23.4,0.519231282,1.885001282,0.338137564,1.452578718,,0,0.037156,0.13489,0.024197,0.103946
1,1,117,HS Batch 2,76,23.3,2.027175451,1.441368283,0.968158584,1.871731159,,0,0.144444,0.102703,0.068985,0.133368
1,1,120,HS Batch 2,77,20.4,0.377556765,4.243418088,0.100632647,2.764945294,,0,0.023554,0.264727,0.006278,0.172492
1,1,121,HS Batch 2,78,27,3.021976556,1.999859333,0.805909667,2.770707333,,0,0.249521,0.165126,0.066543,0.228774
1,1,122,HS Batch 2,79,20.8,0.328745048,2.384616058,0.065840192,1.150332548,,0,0.020911,0.151682,0.004188,0.073171
1,1,123,HS Batch 2,80,23.9,0.47449205,2.249048536,0.194941255,1.735576444,,0,0.03468,0.16438,0.014248,0.126851
1,1,124,HS Batch 2,81,22.7,0.654014405,2.920239648,0.283928194,2.031275022,,0,0.045401,0.20272,0.01971,0.141009
1,1,125,HS Batch 2,82,28,2.726199,2.44293525,1.624816286,2.998251321,,0,0.233436,0.209181,0.139128,0.256731
1,1,126,HS Batch 2,83,21.8,0.0684,0.57357,0.020385,0.35289,,0,0.00456,0.038238,0.001359,0.023526
1,1,127,HS Batch 2,84,28.8,0.567810521,3.35611,0.207690417,2.651742917,,0,0.050009,0.295584,0.018292,0.233548
1,1,128,HS Batch 2,85,21,0.796167143,3.047017143,0.349516286,2.754289857,,0,0.05113,0.19568,0.022446,0.176881
1,1,129,HS Batch 2,86,27.5,0.365027127,1.565022,0.101084618,1.0487544,,0,0.030698,0.131615,0.008501,0.088198
1,1,130,HS Batch 2,87,20.4,0.154411324,0.881874118,0.041131471,0.491189265,,0,0.009633,0.055016,0.002566,0.030643
1,1,131,HS Batch 2,88,29.5,0.173420847,1.305893898,0.038785525,0.736226644,,0,0.015645,0.11781,0.003499,0.066418
1,1,132,HS Batch 2,89,29.5,0.352406237,2.270809932,0.077072237,1.477840475,,0,0.031792,0.204859,0.006953,0.133322
1,1,135,HS Batch 2,90,24.6,0.30738,1.448570122,0.113679024,1.225585366,,0,0.023124,0.108975,0.008552,0.0922
1,1,136,HS Batch 2,91,20.1,0.234382537,2.267330149,0.063691791,1.693632239,,0,0.014407,0.139368,0.003915,0.104104
1,1,137,HS Batch 2,92,27.9,1.110803763,2.968409892,0.290842473,2.556659462,,0,0.094775,0.253268,0.024815,0.218137
1,1,138,HS Batch 2,93,25.7,0.882136576,1.359480233,0.459288677,1.374163424,,0,0.06933,0.106846,0.036097,0.108
1,1,139,HS Batch 2,94,28.7,1.792119512,2.512898153,0.658090348,2.62620878,,0,0.15729,0.220551,0.057759,0.230496
1,1,140,HS Batch 2,95,28.9,1.08283391,1.246254706,0.410198304,1.481242111,,0,0.0957,0.110143,0.036253,0.130911
1,1,141,HS Batch 2,96,22.2,0.358963514,2.861087973,0.106319189,2.045502838,,0,0.02437,0.194239,0.007218,0.138869
1,1,142,HS Batch 2,97,27.4,0.343767701,0.836212993,0.149787482,0.650467445,,0,0.028805,0.070068,0.012551,0.054504
1,1,143,HS Batch 2,98,25.5,2.735771765,1.974349059,1.206001647,3.000295529,,0,0.21334,0.153963,0.094046,0.233968
1,1,144,HS Batch 2,100,22.8,0.404648158,2.828808158,0.129623947,2.305679868,,0,0.028214,0.197238,0.009038,0.160763
1,1,145,HS Batch 2,101,21.3,0.215420845,2.250865352,0.079001972,1.993195493,,0,0.014032,0.146616,0.005146,0.129832
1,1,146,HS Batch 2,102,22.5,0.2929048,1.8050836,0.179515733,1.756847467,,0,0.020154,0.124203,0.012352,0.120884
1,1,147,HS Batch 2,103,23.8,1.018082899,0.919172269,0.479480924,0.761071891,,0,0.074099,0.0669,0.034898,0.055393
1,1,150,HS Batch 2,104,22.3,1.264067623,1.539744753,0.426903632,1.359205561,,0,0.086204,0.105004,0.029113,0.092692
1,1,151,HS Batch 2,105,20.6,0.314808932,2.332462427,0.111656214,2.10986432,,0,0.019832,0.146938,0.007034,0.132915
1,1,152,HS Batch 2,106,27.3,0.692629121,1.79414,0.339217582,1.012861538,,0,0.057825,0.149786,0.02832,0.08456
1,1,153,HS Batch 2,107,30,0.6416721,2.7109172,0.2216624,2.4157452,,0,0.058869,0.248708,0.020336,0.221628
1,1,154,HS Batch 2,108,22.9,0.479476245,3.451249389,0.176108777,3.168258734,,0,0.033578,0.241693,0.012333,0.221875
1,1,155,HS Batch 2,109,22.9,1.504357074,2.130783406,0.972375197,1.820676026,,0,0.105351,0.14922,0.068096,0.127503
1,1,156,HS Batch 2,110,22.3,0.455673767,2.475492646,0.157619865,1.486324978,,0,0.031075,0.168818,0.010749,0.101361
1,1,157,HS Batch 2,111,21.4,0.113441495,1.672284112,0.050547477,1.192098364,,0,0.007424,0.10944,0.003308,0.078015
1,1,158,HS Batch 2,112,22.2,0.217175135,2.272591081,0.053292162,1.248270946,,0,0.014744,0.154286,0.003618,0.084745
1,1,159,HS Batch 2,113,21,0.133353714,1.432057571,0.034194857,0.694797143,,0,0.008564,0.091967,0.002196,0.04462
1,1,160,HS Batch 2,114,22.3,0.457858655,3.187751435,0.140727309,2.712633632,,0,0.031224,0.217391,0.009597,0.18499
1,1,161,HS Batch 2,115,21.8,0.43593,1.92684,0.24753,1.51218,,0,0.029062,0.128456,0.016502,0.100812
1,1,162,HS Batch 2,116,24.2,1.977404132,3.012832066,0.636555496,2.857223306,,0,0.14634,0.222968,0.047109,0.211452
1,1,169,HS Batch 3,117,24.1,0.248845643,3.227300041,0.143920705,2.62095249,,0,0.01834,0.237853,0.010607,0.193165
1,1,170,HS Batch 3,118,20.8,0.09360375,4.107717404,0.075650192,2.724035769,,0,0.005954,0.261286,0.004812,0.173272
1,1,171,HS Batch 3,119,23.5,0.179710851,2.954368468,0.072357447,1.567471021,,0,0.012915,0.212317,0.0052,0.112647
1,1,172,HS Batch 3,120,25.9,0.322202317,1.445807143,0.12948695,1.143691969,,0,0.02552,0.114515,0.010256,0.090586
1,1,173,HS Batch 3,121,21,0.717858429,3.800222714,0.316411429,2.729515714,,0,0.046101,0.244051,0.02032,0.17529
1,1,174,HS Batch 3,122,23,0.989900087,2.205444391,0.711879,2.317321043,,0,0.069626,0.155123,0.050071,0.162992
1,1,175,HS Batch 3,123,26.7,0.037439663,0.750507865,0.019595506,0.433501573,,0,0.003057,0.06128,0.0016,0.035396
1,1,176,HS Batch 3,124,24,0.1319445,1.444944875,0.041678875,0.853906,,0,0.009684,0.106051,0.003059,0.062672
1,1,177,HS Batch 3,125,27,0.364387,2.889166111,0.093691556,2.154263889,,0,0.030087,0.238555,0.007736,0.177875
1,1,178,HS Batch 3,126,21.2,0.386399858,1.949151368,0.445275283,1.972056792,,0,0.025051,0.126367,0.028868,0.127852
1,1,179,HS Batch 3,127,22.8,0.994639342,0.778991447,0.283443026,0.775276842,,0,0.069351,0.054315,0.019763,0.054056
1,1,180,HS Batch 3,128,21.6,0.211505417,2.634151528,0.077435417,1.738807361,,0,0.013971,0.173999,0.005115,0.114857
1,1,181,HS Batch 3,129,29.8,0.357702886,0.674135738,0.197439966,0.651179899,,0,0.032598,0.061435,0.017993,0.059343
1,1,184,HS Batch 3,130,23,0.463899261,3.599331652,0.254007913,3.346717043,,0,0.032629,0.253164,0.017866,0.235396
1,1,185,HS Batch 3,131,24.8,0.418599556,1.558405524,0.261573629,1.333672137,,0,0.031747,0.118191,0.019838,0.101147
1,1,186,HS Batch 3,132,29.1,0.061399588,1.079661856,0.024350825,0.534571959,,0,0.005464,0.09608,0.002167,0.047572
1,1,187,HS Batch 3,133,20.4,0.539229412,0.588551912,0.267482794,0.509911618,,0,0.03364,0.036717,0.016687,0.031811
1,1,188,HS Batch 3,134,20.9,0.659288325,2.215417177,0.348732201,2.031295837,,0,0.042138,0.141597,0.022289,0.129829
1,1,189,HS Batch 3,135,21.7,0.692004332,1.990661475,0.419750461,2.558872949,,0,0.045922,0.132102,0.027855,0.169809
1,1,190,HS Batch 3,136,21.2,0.262155283,5.028704717,0.093040755,3.831437406,,0,0.016996,0.32602,0.006032,0.248399
1,1,191,HS Batch 3,137,20.4,1.121000882,2.521394412,0.907232647,2.049632794,,0,0.069934,0.157298,0.056598,0.127867
1,1,192,HS Batch 3,138,24.2,0.085438884,1.455379711,0.03399719,0.928220579,,0,0.006323,0.107707,0.002516,0.068694
1,1,193,HS Batch 3,139,20.9,0.089244402,3.68478933,0.081499665,3.314982057,,0,0.005704,0.235511,0.005209,0.211875
1,1,194,HS Batch 3,140,23.6,0.081791568,0.418573856,0.034168729,0.311952458,,0,0.005903,0.030209,0.002466,0.022514
1,1,197,HS Batch 3,141,25.9,1.757252548,0.607588726,1.064075676,0.874175792,,0,0.139183,0.048124,0.08428,0.069239
1,1,198,HS Batch 3,142,25.2,1.400014167,0.444512381,0.7338425,0.484972143,,0,0.107891,0.034256,0.056553,0.037374
1,1,199,HS Batch 3,143,27.4,0.745822555,2.384176095,0.369020693,2.070399307,,0,0.062494,0.199775,0.030921,0.173483
1,1,200,HS Batch 3,144,23.6,0.451537119,1.460082712,0.208601059,1.203207585,,0,0.032588,0.105376,0.015055,0.086837
1,1,201,HS Batch 3,145,21.5,2.253303767,0.626699302,2.028540698,1.513325581,,0,0.148153,0.041205,0.133375,0.0995
1,1,202,HS Batch 3,146,23.6,0.271174449,1.830410212,0.126989619,1.668046398,,0,0.019571,0.132103,0.009165,0.120385
1,1,203,HS Batch 3,147,24.5,0.948099796,0.858408367,0.478167429,1.199769673,,0,0.071035,0.064315,0.035826,0.089891
1,1,204,HS Batch 3,148,25.5,0.22345,4.049927059,0.099420824,4.223262706,,0,0.017425,0.31582,0.007753,0.329337
1,1,205,HS Batch 3,149,26.2,0.613923779,3.873215153,0.207719885,3.034385267,,0,0.049189,0.310331,0.016643,0.243122
1,1,206,HS Batch 3,150,29,0.142977931,1.567017828,0.051835138,0.930021828,,0,0.01268,0.138971,0.004597,0.082479
1,1,207,HS Batch 3,151,26.8,1.231228209,2.511018358,0.566954552,2.779158358,,0,0.100908,0.205796,0.046466,0.227772
1,1,208,HS Batch 3,152,26.4,0.415203295,1.861162614,0.188792955,1.790857614,,0,0.033521,0.150259,0.015242,0.144583
1,1,209,HS Batch 3,153,28.6,0.097448287,2.216431154,0.033568951,1.215365245,,0,0.008523,0.193853,0.002936,0.106298
1,1,210,HS Batch 3,154,25.8,0.036705116,1.549523721,0.02420814,0.964840116,,0,0.002896,0.122256,0.00191,0.076125
1,1,217,HS Batch 4,155,22.5,0.880124133,0.886765867,0.379915867,1.207908933,,0,0.060559,0.061016,0.026141,0.083113
1,1,218,HS Batch 4,156,22.2,0.965695811,1.561454459,0.459876892,1.780323514,,0,0.065561,0.106007,0.031221,0.120866
1,1,219,HS Batch 4,157,22.5,0.360412133,2.8343052,0.120612133,2.070840133,,0,0.024799,0.195021,0.008299,0.142489
1,1,220,HS Batch 4,158,21.1,0.40162109,2.862644787,0.215370569,2.359018294,,0,0.025915,0.184715,0.013897,0.152218
1,1,221,HS Batch 4,159,21,0.321830286,2.403839286,0.066022857,1.533583286,,0,0.020668,0.154375,0.00424,0.098487
1,1,222,HS Batch 4,160,27.8,1.705799029,2.205285647,0.572661691,2.558539748,,0,0.145019,0.187483,0.048685,0.217515
1,1,223,HS Batch 4,161,24.3,1.114181852,1.362203951,0.639937654,1.675047407,,0,0.082797,0.101228,0.047555,0.124476
1,1,224,HS Batch 4,162,24.1,0.062347095,2.042108216,0.031587386,1.268475062,,0,0.004595,0.150504,0.002328,0.093487
1,1,225,HS Batch 4,163,23.6,0.119258008,2.158823517,0.053705593,1.351341356,,0,0.008607,0.155805,0.003876,0.097528
1,1,226,HS Batch 4,164,21.8,0.650445,2.038785,0.20208,1.35789,,0,0.043363,0.135919,0.013472,0.090526
1,1,227,HS Batch 4,165,25.1,0.582945896,2.474816773,0.358905299,2.980546375,,0,0.044746,0.189963,0.027549,0.228782
1,1,228,HS Batch 4,166,23.7,0.290160759,4.130451519,0.165555823,3.214616962,,0,0.02103,0.299363,0.011999,0.232986
1,1,229,HS Batch 4,167,21.6,0.081992222,2.52130625,0.059692639,2.169690417,,0,0.005416,0.166545,0.003943,0.143319
1,1,232,HS Batch 4,168,24.7,0.202422267,4.70109498,0.130905911,4.264159433,,0,0.01529,0.355098,0.009888,0.322094
1,1,233,HS Batch 4,169,29.8,0.113846477,2.472569899,0.048720805,1.456258289,,0,0.010375,0.225329,0.00444,0.132711
1,1,234,HS Batch 4,170,26.2,0.096465,1.439835916,0.08025229,1.271093931,,0,0.007729,0.115363,0.00643,0.101843
1,1,235,HS Batch 4,171,25,1.77903696,0.1419834,1.3143438,0.17916984,,0,0.136012,0.010855,0.100485,0.013698
1,1,236,HS Batch 4,172,28.3,0.117512014,2.6786153,0.041990035,1.654365795,,0,0.01017,0.231819,0.003634,0.143176
1,1,237,HS Batch 4,173,27.6,0.236399674,0.942056196,0.146913043,0.786529783,,0,0.019953,0.079513,0.0124,0.066386
1,1,238,HS Batch 4,174,22,0.415765636,1.217510182,0.187846636,0.908227636,,0,0.027972,0.081912,0.012638,0.061104
1,1,239,HS Batch 4,175,23.5,0.358670298,2.679312766,0.107144681,2.286119617,,0,0.025776,0.19255,0.0077,0.164293
1,1,240,HS Batch 4,176,26,0.227290154,2.133209654,0.097156731,1.747802423,,0,0.018072,0.169613,0.007725,0.138969
1,1,241,HS Batch 4,177,24.4,0.839023033,2.725598607,0.263556639,1.907924385,,0,0.062606,0.203378,0.019666,0.142365
1,1,242,HS Batch 4,178,25.2,0.404299167,2.716487619,0.198860119,2.00685869,,0,0.031157,0.209344,0.015325,0.154657
1,1,243,HS Batch 4,179,27.6,0.128015761,4.076137935,0.063753152,2.838241522,,0,0.010805,0.344041,0.005381,0.239558
1,1,244,HS Batch 4,180,24.5,1.664630204,0.937876041,0.723644327,1.345665061,,0,0.12472,0.070269,0.054218,0.100822
1,1,247,HS Batch 4,181,29.8,0.459588624,1.95504302,0.16471802,1.651810872,,0,0.041883,0.178166,0.015011,0.150532
1,1,248,HS Batch 4,182,21.7,0.523832903,2.394574286,0.185636544,1.850578894,,0,0.034762,0.158906,0.012319,0.122806
1,1,249,HS Batch 4,183,23.5,0.066610596,2.072665149,0.034119319,1.301056468,,0,0.004787,0.148953,0.002452,0.093501
1,1,250,HS Batch 4,184,26.1,1.586025172,0.984633333,1.025101149,1.2862,,0,0.126591,0.07859,0.08182,0.10266
1,1,251,HS Batch 4,185,26.1,0.11186908,4.270081264,0.062543448,2.823275402,,0,0.008929,0.340823,0.004992,0.225344
1,1,252,HS Batch 4,186,23.3,2.193608627,2.753606652,0.63680794,2.927927124,,0,0.156303,0.196205,0.045375,0.208626
1,1,253,HS Batch 4,187,22.7,0.255909912,2.298219383,0.07346696,1.02830696,,0,0.017765,0.15954,0.0051,0.071384
1,1,254,HS Batch 4,188,25.3,0.398242055,2.226727826,0.180909842,1.83254419,,0,0.030812,0.172282,0.013997,0.141784
1,1,255,HS Batch 4,189,23.9,0.387994393,3.11882749,0.23482431,2.687556904,,0,0.028358,0.227951,0.017163,0.19643
1,1,256,HS Batch 4,190,20.9,1.080320383,4.153948278,0.467171914,3.632375455,,0,0.069048,0.265497,0.029859,0.232161
1,1,257,HS Batch 4,191,21.9,0.026682603,0.512762877,0.012856027,0.261420822,,0,0.001787,0.034341,0.000861,0.017508
1,1,258,HS Batch 4,192,27.4,1.415933869,4.977942482,0.65003781,4.251835401,,0,0.118644,0.417112,0.054468,0.35627
1,1,259,HS Batch 4,193,26.9,0.208781599,3.774418773,0.096787138,3.080315688,,0,0.017175,0.310495,0.007962,0.253396
1,1,262,HS Batch 4,194,23.7,0.182209367,2.399531519,0.061467722,1.735128228,,0,0.013206,0.173911,0.004455,0.125757
1,1,263,HS Batch 4,195,27.1,0.525468487,0.754682214,0.245117269,0.638011993,,0,0.043548,0.062544,0.020314,0.052875
1,1,264,HS Batch 4,196,24.2,0.041347934,1.165768512,0.024984421,0.72391314,,0,0.00306,0.086274,0.001849,0.053574
1,1,265,HS Batch 4,197,25,0.0514698,1.39783344,0.016023,0.63690444,,0,0.003935,0.106868,0.001225,0.048693
1,1,266,HS Batch 4,198,28.9,0.816425087,1.561894567,0.41062827,1.841281557,,0,0.072155,0.138039,0.036291,0.162731
1,1,267,HS Batch 4,199,27.9,0.138125269,2.083728387,0.060700108,1.551667742,,0,0.011785,0.177786,0.005179,0.13239
1,1,268,HS Batch 4,200,24.6,0.142577317,2.821970122,0.069347927,2.292442805,,0,0.010726,0.212295,0.005217,0.172459
1,1,269,HS Batch 4,201,23.3,0.551114292,2.070246824,0.347798884,1.937187296,,0,0.039269,0.147513,0.024782,0.138032
1,1,270,HS Batch 4,202,29.6,1.193980845,4.322232973,0.778392568,3.673712432,,0,0.108079,0.391248,0.07046,0.332544
1,1,271,HS Batch 4,203,23.5,0.454126468,1.152487149,0.19094017,1.075676936,,0,0.032636,0.082824,0.013722,0.077304
1,1,272,HS Batch 4,204,20.7,0.693287391,3.011638406,0.331281014,2.51583058,,0,0.043887,0.190645,0.020971,0.159259
2,2,27,HS Batch 5-2,205,28.3,0.135549011,0.476229859,0.054781166,0.447793569,1,0,0.011731,0.041215,0.004741,0.038754
1,1,273,HS Batch 4,206,27.5,3.578485855,1.842282327,1.703729455,3.555310473,,0,0.300943,0.154932,0.14328,0.298994
1,1,276,HS Batch 4,208,25.4,0.197332913,3.028818189,0.102760394,2.53117311,,0,0.015328,0.235266,0.007982,0.196611
1,1,277,HS Batch 4,209,28,0.068389714,2.583568607,0.052098107,2.047300286,,0,0.005856,0.221223,0.004461,0.175304
1,1,278,HS Batch 4,210,21,0.211989429,1.592879286,0.216645286,1.561331571,,0,0.013614,0.102295,0.013913,0.100269
1,1,279,HS Batch 4,211,22.4,0.609957188,1.142310268,0.345028795,0.799529598,,0,0.041783,0.07825,0.023635,0.054769
1,1,280,HS Batch 4,212,28.8,0.973960417,0.800854792,0.411758854,0.882979479,,0,0.08578,0.070534,0.036265,0.077767
1,1,281,HS Batch 4,213,27.1,0.352604945,3.052551033,0.161895166,2.511758192,,0,0.029222,0.252979,0.013417,0.208161
1,1,282,HS Batch 4,214,20,0.35589045,2.70424095,0.1684377,1.42642305,,0,0.021767,0.165397,0.010302,0.087243
1,1,283,HS Batch 4,215,21.9,0.652581507,3.310449452,0.297599863,2.927277123,,0,0.043705,0.221709,0.019931,0.196047
1,1,284,HS Batch 4,216,22.1,0.571421403,3.537992036,0.245738281,3.52248543,,0,0.038619,0.239112,0.016608,0.238064
1,1,285,HS Batch 4,217,26.4,0.201204091,4.3357475,0.114400455,3.529915455,,0,0.016244,0.350042,0.009236,0.284984
1,1,286,HS Batch 4,218,24.1,0.188167469,3.211601328,0.067326722,1.754592448,,0,0.013868,0.236696,0.004962,0.129314
1,1,287,HS Batch 4,219,27.8,0.197940863,2.961584892,0.078821115,2.697632374,,0,0.016828,0.25178,0.006701,0.22934
1,1,288,HS Batch 4,220,28.3,0.090115654,2.437940989,0.037668551,2.052670283,,0,0.007799,0.21099,0.00326,0.177647
1,1,291,HS Batch 4,221,23.4,0.062465385,1.739304615,0.028898974,0.965208974,,0,0.00447,0.124464,0.002068,0.06907
1,1,292,HS Batch 4,222,20.2,0.09423104,4.236867772,0.079548416,4.051983267,,0,0.005821,0.261727,0.004914,0.250306
2,2,28,HS Batch 5-2,222,20.2,0.101013861,3.792244901,0.058228663,4.337072228,1,0,0.00624,0.234261,0.003597,0.267917
1,1,293,HS Batch 4,223,20.6,0.095528447,2.467881699,0.057129757,1.702892184,,0,0.006018,0.155469,0.003599,0.107277
1,1,294,HS Batch 4,224,26.8,0.622947201,4.448481157,0.30320709,3.701273955,,0,0.051055,0.364585,0.02485,0.303346
1,1,295,HS Batch 4,225,29.1,0.125473608,3.342243402,0.09089701,2.743327732,,0,0.011166,0.297429,0.008089,0.244131
1,1,296,HS Batch 4,226,20.2,0.436059356,3.49941802,0.415727079,2.418003119,,0,0.026937,0.216172,0.025681,0.149369
1,1,297,HS Batch 4,227,20.5,0.217622488,2.936842829,0.074779317,1.668561366,,0,0.013643,0.184114,0.004688,0.104604
1,1,298,HS Batch 4,228,25.2,0.370379405,2.496216786,0.163188571,1.895094762,,0,0.028543,0.192369,0.012576,0.146044
1,1,299,HS Batch 4,229,27,1.680840556,3.604278778,0.767892889,3.8913,,0,0.138785,0.297601,0.063404,0.3213
1,1,300,HS Batch 4,230,23,0.228573,2.622753261,0.082731,1.95126587,,0,0.016077,0.184475,0.005819,0.137245
1,1,301,HS Batch 4,231,26.8,0.072123022,1.250909216,0.032065522,0.918113507,,0,0.005911,0.102521,0.002628,0.075246
1,1,302,HS Batch 4,232,21.5,0.057947442,1.650011581,0.034281767,1.054111116,,0,0.00381,0.108487,0.002254,0.069307
1,1,303,HS Batch 4,233,28.8,0.093092813,3.244873229,0.056668646,2.430938438,,0,0.008199,0.285787,0.004991,0.214101
2,2,29,HS Batch 5-2,234,21.6,0.647036111,1.650910972,0.553553472,1.685669861,,0,0.04274,0.109051,0.036565,0.111347
2,2,30,HS Batch 5-2,235,25.8,0.734571279,1.647623721,0.338850581,1.419674302,,0,0.057957,0.129996,0.026735,0.112011
2,2,31,HS Batch 5-2,236,20.9,2.361096459,1.992619091,1.679622201,2.499484737,,0,0.150908,0.127357,0.107352,0.159753
2,2,32,HS Batch 5-2,237,25.1,0.838605179,0.875174462,0.578503386,1.039886056,,0,0.06437,0.067177,0.044405,0.07982
2,2,33,HS Batch 5-2,238,21.6,0.403103194,3.264671111,0.291605278,3.221570694,,0,0.026627,0.215648,0.019262,0.212801
2,2,34,HS Batch 5-2,239,29.4,0.151899286,2.682334286,0.065967245,4.28851602,,0,0.013657,0.241164,0.005931,0.385573
2,2,35,HS Batch 5-2,240,28.7,0.50021885,1.439096237,0.252006481,1.612634111,,0,0.043903,0.126306,0.022118,0.141537
2,2,36,HS Batch 5-2,241,23.6,1.461786992,1.195018729,0.84812161,1.569073475,,0,0.105499,0.086246,0.06121,0.113242
2,2,37,HS Batch 5-2,242,21.9,0.755519315,1.502199178,0.526619315,1.411460411,,0,0.050599,0.100606,0.035269,0.094529
2,2,38,HS Batch 5-2,243,25.7,0.198922879,3.259706498,0.103036809,3.559719455,,0,0.015634,0.256191,0.008098,0.27977
2,2,39,HS Batch 5-2,244,25.1,0.098738367,3.458252988,0.054795299,2.852690677,,0,0.007579,0.26545,0.004206,0.218968
2,2,42,HS Batch 5-2,245,26.6,0.101910902,2.097569774,0.053463271,1.606909962,,0,0.00829,0.170628,0.004349,0.130715
2,2,43,HS Batch 5-2,246,26.2,0.053031412,1.554710267,0.026147519,1.136724389,,0,0.004249,0.124567,0.002095,0.091077
2,2,44,HS Batch 5-2,247,26.7,0.520383146,1.992017865,0.18242191,2.111403483,,0,0.04249,0.162651,0.014895,0.172399
2,2,45,HS Batch 5-2,248,22.5,0.035592133,0.569837467,0.015943067,0.457611067,,0,0.002449,0.039209,0.001097,0.031487
2,2,46,HS Batch 5-2,249,23.2,0.612673966,1.537957112,0.262600733,1.173436681,,0,0.043468,0.109115,0.018631,0.083253
2,2,47,HS Batch 5-2,250,26.7,0.432264607,1.422425506,0.15290618,1.371060787,,0,0.035295,0.116143,0.012485,0.111949
2,2,48,HS Batch 5-2,251,20.3,0.197150394,3.006660296,0.120555074,2.277514729,,0,0.012239,0.186652,0.007484,0.141387
2,2,49,HS Batch 5-2,252,26.9,0.143709814,1.119993234,0.057656543,0.97895777,,0,0.011822,0.092134,0.004743,0.080532
2,2,50,HS Batch 5-2,253,23.7,1.130357595,0.646494177,0.730093038,1.113248734,,0,0.081925,0.046856,0.052915,0.080685
2,2,51,HS Batch 5-2,254,28.1,0.131486584,1.733961139,0.058068683,1.468264911,,0,0.011299,0.149004,0.00499,0.126172
2,2,52,HS Batch 5-2,255,29,0.50638769,0.703726552,0.236590138,1.001668655,,0,0.044909,0.06241,0.020982,0.088833
2,2,53,HS Batch 5-2,256,21,0.285564429,3.530276429,0.096293714,4.020667429,,0,0.018339,0.226715,0.006184,0.258208
2,2,54,HS Batch 5-2,257,28.1,0.516275979,3.667601744,0.225758007,4.582259146,,0,0.044365,0.315167,0.0194,0.393766
2,2,57,HS Batch 5-2,258,26,0.199130423,1.301724115,0.058243731,1.002066346,,0,0.015833,0.103501,0.004631,0.079675
2,2,58,HS Batch 5-2,259,27.5,0.130003309,1.933509382,0.061618691,2.643479891,,0,0.010933,0.162604,0.005182,0.222311
2,2,59,HS Batch 5-2,260,21.9,0.638262192,1.436216849,0.217865616,1.548262877,,0,0.042746,0.096187,0.014591,0.103691
2,2,60,HS Batch 5-2,261,23.6,0.067353686,1.427105593,0.015948178,0.890714746,,0,0.004861,0.102996,0.001151,0.064284
2,2,61,HS Batch 5-2,262,25.9,0.086118417,2.681766139,0.042535251,2.549021815,,0,0.006821,0.212409,0.003369,0.201895
2,2,62,HS Batch 5-2,263,27.8,0.766250396,1.717479281,0.312343813,2.085271942,,0,0.065143,0.146012,0.026554,0.17728
2,2,63,HS Batch 5-2,264,25.1,0.135893904,2.958750717,0.054717131,3.226630159,,0,0.010431,0.227109,0.0042,0.247671
2,2,64,HS Batch 5-2,265,26.7,0.101174045,3.63327618,0.050519663,2.892296629,,0,0.008261,0.296662,0.004125,0.23616
2,2,65,HS Batch 5-2,266,20.4,0.120461029,3.762856324,0.065335882,3.659626912,,0,0.007515,0.234747,0.004076,0.228307
2,2,66,HS Batch 5-2,267,22.2,0.521609189,2.642793378,0.178244459,2.219637703,,0,0.035412,0.179419,0.012101,0.150691
2,2,67,HS Batch 5-2,268,28.3,1.474319364,2.843444099,0.540370389,3.956526678,,0,0.127594,0.246084,0.046766,0.342415
2,2,68,HS Batch 5-2,269,25.6,0.999278789,1.712866875,0.483385195,2.160959063,,0,0.078231,0.134096,0.037843,0.169176
2,2,69,HS Batch 5-2,270,24.9,0.052740241,1.383328193,0.023494096,1.138616627,,0,0.004016,0.105336,0.001789,0.086702
2,2,72,HS Batch 5-2,271,29.6,0.254430304,1.839960507,0.091615236,1.978747703,,0,0.023031,0.166553,0.008293,0.179116
2,2,73,HS Batch 5-2,272,23.6,0.670266864,1.432869661,0.207063051,1.551088475,,0,0.048374,0.103412,0.014944,0.111944
2,2,74,HS Batch 5-2,273,29.3,0.317826143,2.76995785,0.141034096,3.729875836,,0,0.028478,0.248195,0.012637,0.334206
2,2,75,HS Batch 5-2,274,21.1,0.157579905,3.304978152,0.079270379,2.808914502,,0,0.010168,0.213257,0.005115,0.181248
2,2,76,HS Batch 5-2,275,20.6,0.038700291,2.190376165,0.034255631,2.495295728,,0,0.002438,0.137987,0.002158,0.157196
2,2,77,HS Batch 5-2,276,21.1,0.41443763,3.309363981,0.283095213,3.423674502,,0,0.026742,0.21354,0.018267,0.220916
2,2,78,HS Batch 5-2,277,26.1,0.295039195,2.118295977,0.120614138,1.994775172,,0,0.023549,0.169075,0.009627,0.159216
2,2,79,HS Batch 5-2,278,28.6,0.140792937,1.903723112,0.10986514,2.571283322,,0,0.012314,0.166503,0.009609,0.224889
2,2,80,HS Batch 5-2,279,21,1.017701857,0.272064,0.594672857,0.3052,,0,0.065357,0.017472,0.03819,0.0196
2,2,81,HS Batch 5-2,280,27.8,0.135599137,2.346918993,0.041627806,2.086565827,,0,0.011528,0.199524,0.003539,0.17739
2,2,82,HS Batch 5-2,281,24.6,0.584652073,0.297344024,0.352442195,0.468819634,,0,0.043983,0.022369,0.026514,0.035269
2,2,83,HS Batch 5-2,282,21.8,0.088515,1.4778,0.02967,0.98175,,0,0.005901,0.09852,0.001978,0.06545
2,2,84,HS Batch 5-2,283,22.2,0.156797973,0.931714324,0.046501757,0.558153649,,0,0.010645,0.063254,0.003157,0.037893
2,2,87,HS Batch 5-2,284,20.5,0.105628976,2.746991415,0.047821756,2.802804732,,0,0.006622,0.172212,0.002998,0.175711
2,2,88,HS Batch 5-2,285,25,0.50284752,2.42724252,0.14071464,2.01613812,,0,0.038444,0.185569,0.010758,0.154139
2,2,89,HS Batch 5-2,286,28.6,0.500184231,2.364770245,0.201093566,2.644355245,,0,0.043747,0.206827,0.017588,0.23128
2,2,90,HS Batch 5-2,287,21.6,0.096465,4.462278333,0.053985278,3.251121806,,0,0.006372,0.294756,0.003566,0.214753
2,2,91,HS Batch 5-2,288,20.6,0.951331893,1.639555777,0.334651165,1.875265631,,0,0.059931,0.103287,0.021082,0.118136
2,2,92,HS Batch 5-2,289,26.7,0.490206067,1.696493146,0.248948652,2.001093034,,0,0.040026,0.138521,0.020327,0.163392
2,2,93,HS Batch 5-2,290,29,0.438912931,1.590843724,0.225923172,1.844595724,,0,0.038925,0.141084,0.020036,0.163588
2,2,94,HS Batch 5-2,291,23.7,0.143052152,1.6132,0.045697215,1.720958228,,0,0.010368,0.11692,0.003312,0.12473
2,2,95,HS Batch 5-2,292,25.5,1.183727176,2.032452471,0.494565059,2.912223529,,0,0.092309,0.158494,0.038567,0.2271
2,2,96,HS Batch 5-2,293,27.5,0.1140576,3.340299055,0.067136073,3.431585564,,0,0.009592,0.280912,0.005646,0.288589
2,2,97,HS Batch 5-2,294,29.5,1.83470278,2.209156576,0.813465153,3.179681492,,0,0.165516,0.199297,0.073386,0.286852
2,2,98,HS Batch 5-2,295,21.6,0.195427917,2.985797639,0.035606667,1.751539167,,0,0.012909,0.197227,0.002352,0.115698
2,2,99,HS Batch 5-2,296,26.2,0.211638893,1.756601565,0.079615763,1.982643435,,0,0.016957,0.140743,0.006379,0.158854
2,2,102,HS Batch 5-2,297,22,0.646657364,3.369616091,0.307290818,2.548177227,,0,0.043506,0.226702,0.020674,0.171437
2,2,103,HS Batch 5-2,298,28.5,0.165611158,3.295425684,0.075232947,3.431652737,,0,0.014434,0.287216,0.006557,0.299089
2,2,104,HS Batch 5-2,299,25.4,0.028734803,0.487912323,0.013865315,0.349375039,,0,0.002232,0.037899,0.001077,0.027138
2,2,105,HS Batch 5-2,300,27.9,0.186272796,6.640971505,0.15042,5.631186129,,0,0.015893,0.566615,0.012834,0.480459
2,2,106,HS Batch 5-2,301,23.7,0.143300506,3.339911772,0.076396582,3.330626076,,0,0.010386,0.242067,0.005537,0.241394
2,2,107,HS Batch 5-2,302,27.6,0.07848,1.287218913,0.021468261,0.876442935,,0,0.006624,0.108646,0.001812,0.073975
2,2,108,HS Batch 5-2,303,25.5,0.062283882,0.788429059,0.014490588,0.607450588,,0,0.004857,0.061483,0.00113,0.04737
2,2,109,HS Batch 5-2,304,27.6,0.127577391,1.085711087,0.037593152,0.894380543,,0,0.010768,0.091638,0.003173,0.075489
2,2,110,HS Batch 5-2,305,29.9,0.110020736,1.645072475,0.030272107,1.590794849,,0,0.01006,0.150421,0.002768,0.145458
2,2,111,HS Batch 5-2,306,28.3,0.069917915,1.493870035,0.041019435,1.82991742,,0,0.006051,0.129286,0.00355,0.158369
2,2,112,HS Batch 5-2,307,22.2,0.067093919,2.193315676,0.034379189,2.000783378,,0,0.004555,0.148904,0.002334,0.135833
2,2,113,HS Batch 5-2,308,23.4,0.235915128,3.621483077,0.072359231,2.77818641,,0,0.016882,0.259152,0.005178,0.198806
2,2,114,HS Batch 5-2,309,21.2,0.450951509,1.6881375,0.290335896,1.581230094,,0,0.029236,0.109445,0.018823,0.102514
3,1,3,HS Batch 6,310,26.9,0.058057695,5.162235948,0.077106357,3.818922379,,0,0.004776,0.424661,0.006343,0.314156
3,1,4,HS Batch 6,311,22.9,0.357558079,2.037666943,0.189174498,1.731300786,,0,0.02504,0.142699,0.013248,0.121244
3,1,5,HS Batch 6,312,25.3,0.080948656,3.113595771,0.06278917,2.253947668,,0,0.006263,0.240899,0.004858,0.174388
3,1,6,HS Batch 6,313,29,0.061430897,1.149247138,0.029317241,0.688977724,,0,0.005448,0.101921,0.0026,0.061102
3,1,7,HS Batch 6,314,25.8,0.85206314,3.37246,0.430169767,3.380343488,,0,0.067227,0.266084,0.03394,0.266706
3,1,8,HS Batch 6,316,20.9,0.132098612,3.303936029,0.101104019,2.990907847,,0,0.008443,0.211169,0.006462,0.191162
3,1,9,HS Batch 6,317,20.6,0.03466835,2.990145146,0.05512966,3.286381748,,0,0.002184,0.18837,0.003473,0.207032
3,1,10,HS Batch 6,318,25.5,0.059308824,1.603415647,0.048370353,1.380812,,0,0.004625,0.125037,0.003772,0.107678
3,1,13,HS Batch 6,319,26.1,0.464978966,0.984332644,0.290428621,0.625434483,,0,0.037113,0.078566,0.023181,0.04992
3,1,14,HS Batch 6,320,22.7,1.093130749,0.947867841,0.671041454,1.061194229,,0,0.075884,0.0658,0.046583,0.073667
3,1,15,HS Batch 6,321,21.2,0.154199009,2.091165,0.088583066,2.112065236,,0,0.009997,0.135574,0.005743,0.136929
3,1,16,HS Batch 6,322,24.5,0.41250049,1.424371959,0.219890816,0.70649351,,0,0.030906,0.106719,0.016475,0.052933
3,1,17,HS Batch 6,323,23.8,0.194111597,3.269917563,0.153195378,2.594690042,,0,0.014128,0.237994,0.01115,0.188849
3,1,18,HS Batch 6,324,26.9,0.203347807,3.623488216,0.150736059,4.566038364,,0,0.016728,0.298079,0.0124,0.375616
1,1,25,HS Batch 1,ctrl-1,,,,,,,1,0.01485,0.401858,0.012397,0.34825
1,1,26,HS Batch 1,ctrl-1,,,,,,,1,0.018318,0.456844,0.013172,0.389515
1,1,39,HS Batch 1,ctrl-1,,,,,,,1,0.017626,0.38853,0.012041,0.338064
1,1,40,HS Batch 1,ctrl-1,,,,,,,1,0.021364,0.498051,0.014129,0.412177
1,1,54,HS Batch 1,ctrl-1,,,,,,,1,0.015861,0.433431,0.011871,0.367068
1,1,55,HS Batch 1,ctrl-1,,,,,,,1,0.019496,0.476785,0.013923,0.396978
1,1,69,HS Batch 1,ctrl-1,,,,,,,1,0.016392,0.402478,0.009966,0.332934
1,1,70,HS Batch 1,ctrl-1,,,,,,,1,0.018998,0.468692,0.013398,0.388121
1,1,73,HS Batch 2,ctrl-2,,,,,,,1,0.04283,0.336945,0.017064,0.274329
1,1,74,HS Batch 2,ctrl-2,,,,,,,1,0.036484,0.338306,0.016939,0.274362
1,1,88,HS Batch 2,ctrl-2,,,,,,,1,0.033224,0.34662,0.016554,0.271834
1,1,89,HS Batch 2,ctrl-2,,,,,,,1,0.037637,0.362684,0.018771,0.289754
1,1,103,HS Batch 2,ctrl-2,,,,,,,1,0.034024,0.339293,0.016632,0.269411
1,1,104,HS Batch 2,ctrl-2,,,,,,,1,0.038278,0.369219,0.018462,0.286789
1,1,118,HS Batch 2,ctrl-2,,,,,,,1,0.045872,0.352043,0.017542,0.268312
1,1,119,HS Batch 2,ctrl-2,,,,,,,1,0.044171,0.368479,0.018082,0.267791
1,1,133,HS Batch 2,ctrl-2,,,,,,,1,0.03851,0.357455,0.017761,0.275329
1,1,134,HS Batch 2,ctrl-2,,,,,,,1,0.046451,0.375513,0.019275,0.280679
1,1,148,HS Batch 2,ctrl-2,,,,,,,1,0.03886,0.351909,0.017467,0.262049
1,1,149,HS Batch 2,ctrl-2,,,,,,,1,0.041981,0.354758,0.017342,0.27607
1,1,163,HS Batch 2,ctrl-2,,,,,,,1,0.036729,0.358345,0.016518,0.280027
1,1,164,HS Batch 2,ctrl-2,,,,,,,1,0.034715,0.365823,0.019183,0.283683
1,1,167,HS Batch 3,ctrl-3,,,,,,,1,0.017463,0.370488,0.012366,0.287086
1,1,168,HS Batch 3,ctrl-3,,,,,,,1,0.01816,0.387586,0.012923,0.28862
1,1,182,HS Batch 3,ctrl-3,,,,,,,1,0.018138,0.385579,0.01232,0.282854
1,1,183,HS Batch 3,ctrl-3,,,,,,,1,0.019968,0.399384,0.012744,0.295528
1,1,195,HS Batch 3,ctrl-3,,,,,,,1,0.018064,0.403756,0.013411,0.310073
1,1,196,HS Batch 3,ctrl-3,,,,,,,1,0.023525,0.359621,0.011954,0.274285
1,1,211,HS Batch 3,ctrl-3,,,,,,,1,0.018957,0.39899,0.010957,0.274021
1,1,212,HS Batch 3,ctrl-3,,,,,,,1,0.018818,0.380561,0.01256,0.266088
1,1,215,HS Batch 4,ctrl-4,,,,,,,1,0.016043,0.334835,0.009418,0.272157
1,1,216,HS Batch 4,ctrl-4,,,,,,,1,0.018198,0.356213,0.010975,0.292653
1,1,230,HS Batch 4,ctrl-4,,,,,,,1,0.013386,0.344902,0.010054,0.258917
1,1,231,HS Batch 4,ctrl-4,,,,,,,1,0.017907,0.38105,0.012443,0.295315
1,1,245,HS Batch 4,ctrl-4,,,,,,,1,0.020938,0.350061,0.010705,0.258382
1,1,246,HS Batch 4,ctrl-4,,,,,,,1,0.024947,0.378117,0.012758,0.278556
1,1,260,HS Batch 4,ctrl-4,,,,,,,1,0.02172,0.332097,0.011084,0.255939
1,1,261,HS Batch 4,ctrl-4,,,,,,,1,0.022815,0.367304,0.012119,0.275517
1,1,274,HS Batch 4,ctrl-4,,,,,,,1,0.016696,0.340423,0.011111,0.257631
1,1,275,HS Batch 4,ctrl-4,,,,,,,1,0.018731,0.392509,0.013571,0.293928
1,1,289,HS Batch 4,ctrl-4,,,,,,,1,0.016648,0.351583,0.010846,0.261254
1,1,290,HS Batch 4,ctrl-4,,,,,,,1,0.020427,0.376835,0.013328,0.286729
1,1,304,HS Batch 4,ctrl-4,,,,,,,1,0.01834,0.348777,0.011921,0.261203
1,1,305,HS Batch 4,ctrl-4,,,,,,,1,0.020994,0.372755,0.014062,0.27972
2,2,25,HS Batch 5-2,ctrl-5,,,,,,,1,0.019623,0.372129,0.01103,0.336281
2,2,26,HS Batch 5-2,ctrl-5,,,,,,,1,0.021356,0.366619,0.009392,0.343857
2,2,40,HS Batch 5-2,ctrl-5,,,,,,,1,0.020943,0.411875,0.011701,0.337638
2,2,41,HS Batch 5-2,ctrl-5,,,,,,,1,0.019011,0.411517,0.009873,0.354595
2,2,55,HS Batch 5-2,ctrl-5,,,,,,,1,0.024507,0.406484,0.011496,0.359303
2,2,56,HS Batch 5-2,ctrl-5,,,,,,,1,0.019453,0.375212,0.010135,0.321348
2,2,70,HS Batch 5-2,ctrl-5,,,,,,,1,0.022481,0.385982,0.011703,0.348947
2,2,71,HS Batch 5-2,ctrl-5,,,,,,,1,0.019661,0.3782,0.011246,0.359684
2,2,85,HS Batch 5-2,ctrl-5,,,,,,,1,0.02476,0.403824,0.011569,0.358017
2,2,86,HS Batch 5-2,ctrl-5,,,,,,,1,0.022193,0.405871,0.012008,0.363472
2,2,100,HS Batch 5-2,ctrl-5,,,,,,,1,0.021342,0.397281,0.011386,0.367101
2,2,101,HS Batch 5-2,ctrl-5,,,,,,,1,0.020272,0.389232,0.010666,0.342066
2,2,115,HS Batch 5-2,ctrl-5,,,,,,,1,0.019984,0.382033,0.011141,0.338079
2,2,116,HS Batch 5-2,ctrl-5,,,,,,,1,0.020802,0.375236,0.010711,0.353225
3,1,1,HS Batch 6,ctrl-6,,,,,,,1,0.011222,0.386354,0.010993,0.297702
3,1,2,HS Batch 6,ctrl-6,,,,,,,1,0.012616,0.419461,0.009007,0.307308
3,1,11,HS Batch 6,ctrl-6,,,,,,,1,0.012953,0.373573,0.010453,0.281852
3,1,12,HS Batch 6,ctrl-6,,,,,,,1,0.013676,0.397013,0.009229,0.293726
3,1,19,HS Batch 6,ctrl-6,,,,,,,1,0.015117,0.379991,0.011328,0.28558
3,1,20,HS Batch 6,ctrl-6,,,,,,,1,0.013711,0.386935,0.011061,0.295096
2,1,1,Batch 2,SalicinSTD,,,,,,,2,0.016063,,,0.000058
2,1,2,Batch 2,SalicinSTD,,,,,,,2,0.025531,0.000004,,0.000004
2,1,3,Batch 2,SalicinSTD,,,,,,,2,0.154428,0.000019,0.000006,0.00001
2,1,4,Batch 2,SalicinSTD,,,,,,,2,0.373808,0.000041,0.000003,0.000027
1,1,1,HS Batch 1,SalicinSTD,,,,,,,2,0.01241,,0.000161,0.00006
1,1,2,HS Batch 1,SalicinSTD,,,,,,,2,0.025304,0.000046,0.00006,0.000058
1,1,3,HS Batch 1,SalicinSTD,,,,,,,2,0.163321,,0.000325,0.000073
1,1,4,HS Batch 1,SalicinSTD,,,,,,,2,0.368386,0.000035,,0.000013
3,1,23,HS Batch 1,SalicinSTD,,,,,,,2,0.01241,,0.000161,0.00006
3,1,24,HS Batch 1,SalicinSTD,,,,,,,2,0.025304,0.000046,0.00006,0.000058
3,1,25,HS Batch 1,SalicinSTD,,,,,,,2,0.163321,,0.000325,0.000073
3,1,26,HS Batch 1,SalicinSTD,,,,,,,2,0.368386,0.000035,,0.000013
2,1,6,Batch 2,SalicortinSTD,,,,,,,2,,0.014238,0.000003,0.000041
2,1,7,Batch 2,SalicortinSTD,,,,,,,2,0.00013,0.032454,0.000033,0.000064
2,1,8,Batch 2,SalicortinSTD,,,,,,,2,0.000226,0.168446,0.000003,0.000065
2,1,9,Batch 2,SalicortinSTD,,,,,,,2,0.00025,0.348974,0.000024,0.000056
2,1,10,Batch 2,SalicortinSTD,,,,,,,2,0.00049,0.72145,0.000039,0.000031
2,1,11,Batch 2,SalicortinSTD,,,,,,,2,0.000797,1.055408,0.000017,0.000092
1,1,6,HS Batch 1,SalicortinSTD,,,,,,,2,0.000009,0.016772,0.000107,0.000046
1,1,7,HS Batch 1,SalicortinSTD,,,,,,,2,0.000046,0.034587,,0.000033
1,1,8,HS Batch 1,SalicortinSTD,,,,,,,2,0.000148,0.15462,0.000044,0.000066
1,1,9,HS Batch 1,SalicortinSTD,,,,,,,2,0.000236,0.362717,0.000054,0.000016
1,1,10,HS Batch 1,SalicortinSTD,,,,,,,2,0.000422,0.710963,0.000044,0.000036
1,1,11,HS Batch 1,SalicortinSTD,,,,,,,2,0.000624,1.08688,,0.00014
3,1,28,HS Batch 1,SalicortinSTD,,,,,,,2,0.000009,0.016772,0.000107,0.000046
3,1,29,HS Batch 1,SalicortinSTD,,,,,,,2,0.000046,0.034587,,0.000033
3,1,30,HS Batch 1,SalicortinSTD,,,,,,,2,0.000148,0.15462,0.000044,0.000066
3,1,31,HS Batch 1,SalicortinSTD,,,,,,,2,0.000236,0.362717,0.000054,0.000016
3,1,32,HS Batch 1,SalicortinSTD,,,,,,,2,0.000422,0.710963,0.000044,0.000036
3,1,33,HS Batch 1,SalicortinSTD,,,,,,,2,0.000624,1.08688,,0.00014
2,1,13,Batch 2,TremulacinSTD,,,,,,,2,0.00004,0.000009,0.000012,0.01973
2,1,14,Batch 2,TremulacinSTD,,,,,,,2,,0.000011,0.000029,0.038342
2,1,15,Batch 2,TremulacinSTD,,,,,,,2,,0.000109,0.000094,0.154873
2,1,16,Batch 2,TremulacinSTD,,,,,,,2,,0.000317,0.000235,0.353699
2,1,17,Batch 2,TremulacinSTD,,,,,,,2,0.000031,0.000508,0.000425,0.628982
2,1,18,Batch 2,TremulacinSTD,,,,,,,2,0.000061,0.000844,0.000554,
1,1,13,HS Batch 1,TremulacinSTD,,,,,,,2,,,0.000206,0.020137
1,1,14,HS Batch 1,TremulacinSTD,,,,,,,2,0.000046,0.00003,0.000316,0.039507
1,1,15,HS Batch 1,TremulacinSTD,,,,,,,2,,0.000144,0.000121,0.158698
1,1,16,HS Batch 1,TremulacinSTD,,,,,,,2,0.000058,0.000277,0.000481,0.349071
1,1,17,HS Batch 1,TremulacinSTD,,,,,,,2,,0.000558,0.000544,0.601397
1,1,18,HS Batch 1,TremulacinSTD,,,,,,,2,0.00004,0.00072,0.000403,
3,1,35,HS Batch 1,TremulacinSTD,,,,,,,2,,,0.000206,0.020137
3,1,36,HS Batch 1,TremulacinSTD,,,,,,,2,0.000046,0.00003,0.000316,0.039507
3,1,37,HS Batch 1,TremulacinSTD,,,,,,,2,,0.000144,0.000121,0.158698
3,1,38,HS Batch 1,TremulacinSTD,,,,,,,2,0.000058,0.000277,0.000481,0.349071
3,1,39,HS Batch 1,TremulacinSTD,,,,,,,2,,0.000558,0.000544,0.601397
3,1,40,HS Batch 1,TremulacinSTD,,,,,,,2,0.00004,0.00072,0.000403,
2,1,20,Batch 2,TremuloidinSTD,,,,,,,2,0.00016,0.000044,0.014883,0.000237
2,1,21,Batch 2,TremuloidinSTD,,,,,,,2,0.000274,0.000093,0.031582,0.000524
2,1,22,Batch 2,TremuloidinSTD,,,,,,,2,0.001221,0.000237,0.14678,0.002314
2,1,23,Batch 2,TremuloidinSTD,,,,,,,2,0.003066,0.000453,0.383681,0.00556
1,1,20,HS Batch 1,TremuloidinSTD,,,,,,,2,0.000163,0.000002,0.016077,0.000322
1,1,21,HS Batch 1,TremuloidinSTD,,,,,,,2,0.000427,,0.027818,0.0005
1,1,22,HS Batch 1,TremuloidinSTD,,,,,,,2,0.001499,0.000248,0.152087,0.002344
1,1,23,HS Batch 1,TremuloidinSTD,,,,,,,2,0.002849,0.00043,0.373387,0.006014
3,1,42,HS Batch 1,TremuloidinSTD,,,,,,,2,0.000163,0.000002,0.016077,0.000322
3,1,43,HS Batch 1,TremuloidinSTD,,,,,,,2,0.000427,,0.027818,0.0005
3,1,44,HS Batch 1,TremuloidinSTD,,,,,,,2,0.001499,0.000248,0.152087,0.002344
3,1,45,HS Batch 1,TremuloidinSTD,,,,,,,2,0.002849,0.00043,0.373387,0.006014
